<?xml version="1.0" encoding="UTF-8"?>
<!DOCTYPE plist PUBLIC "-//Apple//DTD PLIST 1.0//EN" "http://www.apple.com/DTDs/PropertyList-1.0.dtd"/>

<plist version="1.0">
    <dict>
        <key>ROOT</key>
        <array>
            <dict>
                <key>id</key>
                <string>98</string>
                <key>children</key>
                <array>
                    <string>3474</string>
                    <string>3482</string>
                    <string>3479</string>
                </array>
            </dict>
            <dict>
                <key>id</key>
                <string>100</string>
                <key>Music</key>
                <dict>
                    <key>value</key>
                    <string>4818</string>
                </dict>
                <key>children</key>
                <array>
                    <string>1388</string>
                    <string>1390</string>
                    <string>1392</string>
                    <string>1568</string>
                    <string>1614</string>
                    <string>2464</string>
                    <string>2467</string>
                </array>
            </dict>
            <dict>
                <key>id</key>
                <string>1570</string>
                <key>children</key>
                <array>
                    <string>1571</string>
                    <string>1574</string>
                </array>
            </dict>
            <dict>
                <key>id</key>
                <string>1578</string>
                <key>children</key>
                <array>
                    <string>1579</string>
                    <string>1583</string>
                    <string>1592</string>
                    <string>1599</string>
                    <string>4605</string>
                </array>
            </dict>
            <dict>
                <key>id</key>
                <string>1585</string>
                <key>children</key>
                <array>
                    <string>1586</string>
                    <string>1587</string>
                </array>
            </dict>
            <dict>
                <key>id</key>
                <string>1594</string>
                <key>children</key>
                <array>
                    <string>1595</string>
                    <string>1596</string>
                </array>
            </dict>
            <dict>
                <key>id</key>
                <string>1601</string>
                <key>children</key>
                <array>
                    <string>1602</string>
                    <string>1605</string>
                    <string>1608</string>
                    <string>1611</string>
                </array>
            </dict>
            <dict>
                <key>id</key>
                <string>1613</string>
                <key>children</key>
                <array>
                    <string>1615</string>
                    <string>1618</string>
                    <string>1621</string>
                    <string>1622</string>
                </array>
            </dict>
            <dict>
                <key>id</key>
                <string>1646</string>
                <key>children</key>
                <array>
                    <string>1647</string>
                    <string>1648</string>
                </array>
            </dict>
        </array>
    </dict>
</plist>
