<?xml version="1.0" encoding="UTF-8"?>
<!DOCTYPE plist PUBLIC "-//Apple//DTD PLIST 1.0//EN" "http://www.apple.com/DTDs/PropertyList-1.0.dtd"/>

<plist version="1.0">
    <dict>
        <key>ROOT</key>
        <array>
            <dict>
                <key>id</key>
                <string>105</string>
                <key>sprites</key>
                <array>
                    <string>106</string>
                </array>
            </dict>
            <dict>
                <key>id</key>
                <string>109</string>
                <key>sprites</key>
                <array>
                    <string>110</string>
                </array>
            </dict>
            <dict>
                <key>id</key>
                <string>120</string>
                <key>sprites</key>
                <array>
                    <string>121</string>
                </array>
            </dict>
            <dict>
                <key>id</key>
                <string>150</string>
                <key>sprites</key>
                <array>
                    <string>151</string>
                </array>
            </dict>
            <dict>
                <key>id</key>
                <string>341</string>
                <key>sprites</key>
                <array>
                    <string>342</string>
                </array>
            </dict>
            <dict>
                <key>id</key>
                <string>441</string>
                <key>sprites</key>
                <array>
                    <string>442</string>
                </array>
            </dict>
            <dict>
                <key>id</key>
                <string>991</string>
                <key>sprites</key>
                <array>
                    <string>992</string>
                </array>
            </dict>
            <dict>
                <key>id</key>
                <string>1042</string>
                <key>sprites</key>
                <array>
                    <string>1043</string>
                </array>
            </dict>
            <dict>
                <key>id</key>
                <string>1050</string>
                <key>sprites</key>
                <array>
                    <string>1051</string>
                </array>
            </dict>
            <dict>
                <key>id</key>
                <string>1186</string>
                <key>sprites</key>
                <array>
                    <string>1187</string>
                </array>
            </dict>
            <dict>
                <key>id</key>
                <string>1483</string>
                <key>sprites</key>
                <array>
                    <string>1484</string>
                </array>
            </dict>
            <dict>
                <key>id</key>
                <string>1489</string>
                <key>sprites</key>
                <array>
                    <string>1490</string>
                </array>
            </dict>
            <dict>
                <key>id</key>
                <string>1501</string>
                <key>sprites</key>
                <array>
                    <string>1502</string>
                </array>
            </dict>
            <dict>
                <key>id</key>
                <string>1566</string>
                <key>sprites</key>
                <array>
                    <string>1567</string>
                </array>
            </dict>
            <dict>
                <key>id</key>
                <string>1572</string>
                <key>sprites</key>
                <array>
                    <string>1573</string>
                </array>
            </dict>
            <dict>
                <key>id</key>
                <string>1588</string>
                <key>sprites</key>
                <array>
                    <string>1589</string>
                </array>
            </dict>
            <dict>
                <key>id</key>
                <string>1590</string>
                <key>sprites</key>
                <array>
                    <string>1591</string>
                </array>
            </dict>
            <dict>
                <key>id</key>
                <string>1597</string>
                <key>sprites</key>
                <array>
                    <string>1598</string>
                </array>
            </dict>
            <dict>
                <key>id</key>
                <string>1603</string>
                <key>sprites</key>
                <array>
                    <string>1604</string>
                </array>
            </dict>
            <dict>
                <key>id</key>
                <string>1606</string>
                <key>sprites</key>
                <array>
                    <string>1607</string>
                </array>
            </dict>
            <dict>
                <key>id</key>
                <string>1609</string>
                <key>sprites</key>
                <array>
                    <string>1610</string>
                </array>
            </dict>
            <dict>
                <key>id</key>
                <string>1616</string>
                <key>sprites</key>
                <array>
                    <string>1617</string>
                </array>
            </dict>
            <dict>
                <key>id</key>
                <string>1619</string>
                <key>sprites</key>
                <array>
                    <string>1620</string>
                </array>
            </dict>
            <dict>
                <key>id</key>
                <string>1663</string>
                <key>sprites</key>
                <array>
                    <string>1664</string>
                </array>
            </dict>
            <dict>
                <key>id</key>
                <string>1667</string>
                <key>sprites</key>
                <array>
                    <string>1668</string>
                </array>
            </dict>
            <dict>
                <key>id</key>
                <string>1694</string>
                <key>sprites</key>
                <array>
                    <string>1695</string>
                    <string>1696</string>
                    <string>1697</string>
                    <string>1698</string>
                    <string>1699</string>
                    <string>1700</string>
                    <string>1701</string>
                    <string>1702</string>
                    <string>1703</string>
                    <string>1704</string>
                </array>
            </dict>
            <dict>
                <key>id</key>
                <string>1715</string>
                <key>sprites</key>
                <array>
                    <string>1716</string>
                    <string>1717</string>
                    <string>1718</string>
                    <string>1719</string>
                    <string>1720</string>
                    <string>1721</string>
                    <string>1722</string>
                    <string>1724</string>
                    <string>1725</string>
                    <string>1726</string>
                </array>
            </dict>
            <dict>
                <key>id</key>
                <string>1743</string>
                <key>sprites</key>
                <array>
                    <string>1744</string>
                    <string>1745</string>
                    <string>1746</string>
                    <string>1747</string>
                    <string>1748</string>
                    <string>1749</string>
                    <string>1750</string>
                    <string>1751</string>
                    <string>1752</string>
                    <string>1753</string>
                </array>
            </dict>
            <dict>
                <key>id</key>
                <string>1766</string>
                <key>sprites</key>
                <array>
                    <string>1767</string>
                </array>
            </dict>
            <dict>
                <key>id</key>
                <string>1780</string>
                <key>sprites</key>
                <array>
                    <string>1781</string>
                    <string>1782</string>
                    <string>1783</string>
                    <string>1784</string>
                    <string>1785</string>
                    <string>1786</string>
                    <string>1787</string>
                    <string>1788</string>
                    <string>1789</string>
                    <string>1791</string>
                </array>
            </dict>
            <dict>
                <key>id</key>
                <string>1804</string>
                <key>sprites</key>
                <array>
                    <string>1805</string>
                    <string>1806</string>
                    <string>1807</string>
                    <string>1808</string>
                    <string>1809</string>
                    <string>1810</string>
                    <string>1811</string>
                    <string>1812</string>
                    <string>1813</string>
                    <string>1814</string>
                </array>
            </dict>
            <dict>
                <key>id</key>
                <string>1827</string>
                <key>sprites</key>
                <array>
                    <string>1828</string>
                    <string>1829</string>
                    <string>1830</string>
                    <string>1831</string>
                    <string>1832</string>
                    <string>1833</string>
                    <string>1834</string>
                    <string>1835</string>
                    <string>1836</string>
                    <string>1837</string>
                </array>
            </dict>
            <dict>
                <key>id</key>
                <string>1853</string>
                <key>sprites</key>
                <array>
                    <string>1854</string>
                    <string>1855</string>
                    <string>1856</string>
                    <string>1857</string>
                    <string>1859</string>
                    <string>1860</string>
                    <string>1861</string>
                    <string>1862</string>
                    <string>1863</string>
                    <string>1864</string>
                </array>
            </dict>
            <dict>
                <key>id</key>
                <string>1883</string>
                <key>sprites</key>
                <array>
                    <string>1884</string>
                    <string>1885</string>
                    <string>1886</string>
                    <string>1887</string>
                    <string>1888</string>
                    <string>1889</string>
                    <string>1890</string>
                    <string>1891</string>
                    <string>1892</string>
                    <string>1893</string>
                </array>
            </dict>
            <dict>
                <key>id</key>
                <string>1954</string>
                <key>sprites</key>
                <array>
                    <string>1955</string>
                </array>
            </dict>
            <dict>
                <key>id</key>
                <string>2001</string>
                <key>sprites</key>
                <array>
                    <string>2002</string>
                </array>
            </dict>
            <dict>
                <key>id</key>
                <string>2021</string>
                <key>sprites</key>
                <array>
                    <string>2022</string>
                </array>
            </dict>
            <dict>
                <key>id</key>
                <string>2040</string>
                <key>sprites</key>
                <array>
                    <string>2041</string>
                </array>
            </dict>
            <dict>
                <key>id</key>
                <string>2218</string>
                <key>sprites</key>
                <array>
                    <string>2219</string>
                </array>
            </dict>
            <dict>
                <key>id</key>
                <string>2438</string>
                <key>sprites</key>
                <array>
                    <string>2439</string>
                    <string>2440</string>
                    <string>2441</string>
                    <string>2442</string>
                    <string>2443</string>
                    <string>2444</string>
                </array>
            </dict>
            <dict>
                <key>id</key>
                <string>2651</string>
                <key>sprites</key>
                <array>
                    <string>2652</string>
                </array>
            </dict>
            <dict>
                <key>id</key>
                <string>2663</string>
                <key>sprites</key>
                <array>
                    <string>2664</string>
                    <string>2665</string>
                    <string>2666</string>
                    <string>2667</string>
                    <string>2668</string>
                    <string>2669</string>
                    <string>2670</string>
                    <string>2672</string>
                    <string>2673</string>
                    <string>2674</string>
                </array>
            </dict>
            <dict>
                <key>id</key>
                <string>2685</string>
                <key>sprites</key>
                <array>
                    <string>2686</string>
                    <string>2687</string>
                    <string>2688</string>
                    <string>2689</string>
                    <string>2690</string>
                    <string>2691</string>
                    <string>2692</string>
                    <string>2693</string>
                    <string>2694</string>
                    <string>2695</string>
                </array>
            </dict>
            <dict>
                <key>id</key>
                <string>2771</string>
                <key>sprites</key>
                <array>
                    <string>2772</string>
                </array>
            </dict>
            <dict>
                <key>id</key>
                <string>2786</string>
                <key>sprites</key>
                <array>
                    <string>2787</string>
                </array>
            </dict>
            <dict>
                <key>id</key>
                <string>2991</string>
                <key>sprites</key>
                <array>
                    <string>2992</string>
                </array>
            </dict>
            <dict>
                <key>id</key>
                <string>3069</string>
                <key>sprites</key>
                <array>
                    <string>3070</string>
                </array>
            </dict>
            <dict>
                <key>id</key>
                <string>3181</string>
                <key>sprites</key>
                <array>
                    <string>3182</string>
                </array>
            </dict>
            <dict>
                <key>id</key>
                <string>3369</string>
                <key>sprites</key>
                <array>
                    <string>3370</string>
                </array>
            </dict>
            <dict>
                <key>id</key>
                <string>3469</string>
                <key>sprites</key>
                <array>
                    <string>3470</string>
                </array>
            </dict>
            <dict>
                <key>id</key>
                <string>3475</string>
                <key>sprites</key>
                <array>
                    <string>3476</string>
                </array>
            </dict>
            <dict>
                <key>id</key>
                <string>3486</string>
                <key>sprites</key>
                <array>
                    <string>3487</string>
                </array>
            </dict>
            <dict>
                <key>id</key>
                <string>3527</string>
                <key>sprites</key>
                <array>
                    <string>3528</string>
                </array>
            </dict>
            <dict>
                <key>id</key>
                <string>3586</string>
                <key>sprites</key>
                <array>
                    <string>3587</string>
                </array>
            </dict>
            <dict>
                <key>id</key>
                <string>3651</string>
                <key>sprites</key>
                <array>
                    <string>3652</string>
                </array>
            </dict>
            <dict>
                <key>id</key>
                <string>4424</string>
                <key>sprites</key>
                <array>
                    <string>4425</string>
                </array>
            </dict>
            <dict>
                <key>id</key>
                <string>4429</string>
                <key>sprites</key>
                <array>
                    <string>4430</string>
                </array>
            </dict>
            <dict>
                <key>id</key>
                <string>4564</string>
                <key>sprites</key>
                <array>
                    <string>4565</string>
                </array>
            </dict>
            <dict>
                <key>id</key>
                <string>4595</string>
                <key>sprites</key>
                <array>
                    <string>4596</string>
                </array>
            </dict>
            <dict>
                <key>id</key>
                <string>4601</string>
                <key>sprites</key>
                <array>
                    <string>4602</string>
                </array>
            </dict>
            <dict>
                <key>id</key>
                <string>4606</string>
                <key>sprites</key>
                <array>
                    <string>4607</string>
                </array>
            </dict>
            <dict>
                <key>id</key>
                <string>4613</string>
                <key>sprites</key>
                <array>
                    <string>4614</string>
                </array>
            </dict>
            <dict>
                <key>id</key>
                <string>4619</string>
                <key>sprites</key>
                <array>
                    <string>4620</string>
                </array>
            </dict>
        </array>
    </dict>
</plist>
