<?xml version="1.0" encoding="UTF-8"?>
<!DOCTYPE plist PUBLIC "-//Apple//DTD PLIST 1.0//EN" "http://www.apple.com/DTDs/PropertyList-1.0.dtd"/>

<plist version="1.0">
    <dict>
        <key>ROOT</key>
        <array>
            <dict>
                <key>id</key>
                <string>2453</string>
                <key>className</key>
                <string>PTModelObjectAssetPowerup</string>
                <key>Name</key>
                <dict>
                    <key>value</key>
                    <string>coin3</string>
                </dict>
                <key>Position</key>
                <dict>
                    <key>value</key>
                    <string>{286.907,366.149}</string>
                    <key>animationsX</key>
                    <array/>
                    <key>animationsY</key>
                    <array/>
                </dict>
                <key>Rotation</key>
                <dict>
                    <key>animations</key>
                    <array/>
                </dict>
                <key>Scale</key>
                <dict>
                    <key>value</key>
                    <string>{0.657,0.531}</string>
                    <key>animationsX</key>
                    <array/>
                    <key>animationsY</key>
                    <array/>
                </dict>
                <key>Hidden</key>
                <dict>
                    <key>visible</key>
                    <string>0</string>
                </dict>
                <key>Locked</key>
                <dict>
                    <key>visible</key>
                    <string>0</string>
                </dict>
                <key>Opacity</key>
                <dict>
                    <key>animations</key>
                    <array/>
                </dict>
                <key>Asset</key>
                <dict>
                    <key>visible</key>
                    <string>0</string>
                </dict>
                <key>zDepth</key>
                <string>18</string>
            </dict>
            <dict>
                <key>id</key>
                <string>2455</string>
                <key>className</key>
                <string>PTModelObjectAssetPowerup</string>
                <key>Name</key>
                <dict>
                    <key>value</key>
                    <string>coin3</string>
                </dict>
                <key>Position</key>
                <dict>
                    <key>value</key>
                    <string>{377.037,366.149}</string>
                    <key>animationsX</key>
                    <array/>
                    <key>animationsY</key>
                    <array/>
                </dict>
                <key>Rotation</key>
                <dict>
                    <key>animations</key>
                    <array/>
                </dict>
                <key>Scale</key>
                <dict>
                    <key>value</key>
                    <string>{0.657,0.531}</string>
                    <key>animationsX</key>
                    <array/>
                    <key>animationsY</key>
                    <array/>
                </dict>
                <key>Hidden</key>
                <dict>
                    <key>visible</key>
                    <string>0</string>
                </dict>
                <key>Locked</key>
                <dict>
                    <key>visible</key>
                    <string>0</string>
                </dict>
                <key>Opacity</key>
                <dict>
                    <key>animations</key>
                    <array/>
                </dict>
                <key>Asset</key>
                <dict>
                    <key>visible</key>
                    <string>0</string>
                </dict>
                <key>zDepth</key>
                <string>19</string>
            </dict>
            <dict>
                <key>id</key>
                <string>2457</string>
                <key>className</key>
                <string>PTModelObjectAssetPowerup</string>
                <key>Name</key>
                <dict>
                    <key>value</key>
                    <string>coin3</string>
                </dict>
                <key>Position</key>
                <dict>
                    <key>value</key>
                    <string>{462.166,366.149}</string>
                    <key>animationsX</key>
                    <array/>
                    <key>animationsY</key>
                    <array/>
                </dict>
                <key>Rotation</key>
                <dict>
                    <key>animations</key>
                    <array/>
                </dict>
                <key>Scale</key>
                <dict>
                    <key>value</key>
                    <string>{0.657,0.531}</string>
                    <key>animationsX</key>
                    <array/>
                    <key>animationsY</key>
                    <array/>
                </dict>
                <key>Hidden</key>
                <dict>
                    <key>visible</key>
                    <string>0</string>
                </dict>
                <key>Locked</key>
                <dict>
                    <key>visible</key>
                    <string>0</string>
                </dict>
                <key>Opacity</key>
                <dict>
                    <key>animations</key>
                    <array/>
                </dict>
                <key>Asset</key>
                <dict>
                    <key>visible</key>
                    <string>0</string>
                </dict>
                <key>zDepth</key>
                <string>20</string>
            </dict>
            <dict>
                <key>id</key>
                <string>2459</string>
                <key>className</key>
                <string>PTModelObjectAssetPowerup</string>
                <key>Name</key>
                <dict>
                    <key>value</key>
                    <string>coin3</string>
                </dict>
                <key>Position</key>
                <dict>
                    <key>value</key>
                    <string>{552.296,366.149}</string>
                    <key>animationsX</key>
                    <array/>
                    <key>animationsY</key>
                    <array/>
                </dict>
                <key>Rotation</key>
                <dict>
                    <key>animations</key>
                    <array/>
                </dict>
                <key>Scale</key>
                <dict>
                    <key>value</key>
                    <string>{0.657,0.531}</string>
                    <key>animationsX</key>
                    <array/>
                    <key>animationsY</key>
                    <array/>
                </dict>
                <key>Hidden</key>
                <dict>
                    <key>visible</key>
                    <string>0</string>
                </dict>
                <key>Locked</key>
                <dict>
                    <key>visible</key>
                    <string>0</string>
                </dict>
                <key>Opacity</key>
                <dict>
                    <key>animations</key>
                    <array/>
                </dict>
                <key>Asset</key>
                <dict>
                    <key>visible</key>
                    <string>0</string>
                </dict>
                <key>zDepth</key>
                <string>21</string>
            </dict>
            <dict>
                <key>id</key>
                <string>2461</string>
                <key>className</key>
                <string>PTModelObjectAssetPowerup</string>
                <key>Name</key>
                <dict>
                    <key>value</key>
                    <string>coin3</string>
                </dict>
                <key>Position</key>
                <dict>
                    <key>value</key>
                    <string>{645.426,366.149}</string>
                    <key>animationsX</key>
                    <array/>
                    <key>animationsY</key>
                    <array/>
                </dict>
                <key>Rotation</key>
                <dict>
                    <key>animations</key>
                    <array/>
                </dict>
                <key>Scale</key>
                <dict>
                    <key>value</key>
                    <string>{0.657,0.531}</string>
                    <key>animationsX</key>
                    <array/>
                    <key>animationsY</key>
                    <array/>
                </dict>
                <key>Hidden</key>
                <dict>
                    <key>visible</key>
                    <string>0</string>
                </dict>
                <key>Locked</key>
                <dict>
                    <key>visible</key>
                    <string>0</string>
                </dict>
                <key>Opacity</key>
                <dict>
                    <key>animations</key>
                    <array/>
                </dict>
                <key>Asset</key>
                <dict>
                    <key>visible</key>
                    <string>0</string>
                </dict>
                <key>zDepth</key>
                <string>22</string>
            </dict>
            <dict>
                <key>id</key>
                <string>2716</string>
                <key>className</key>
                <string>PTModelObjectAssetPowerup</string>
                <key>Name</key>
                <dict>
                    <key>value</key>
                    <string>coin3</string>
                </dict>
                <key>Position</key>
                <dict>
                    <key>value</key>
                    <string>{327.286,343.233}</string>
                </dict>
                <key>Scale</key>
                <dict>
                    <key>value</key>
                    <string>{0.604,0.454}</string>
                </dict>
                <key>Hidden</key>
                <dict>
                    <key>visible</key>
                    <string>0</string>
                </dict>
                <key>Locked</key>
                <dict>
                    <key>visible</key>
                    <string>0</string>
                </dict>
                <key>Asset</key>
                <dict>
                    <key>visible</key>
                    <string>0</string>
                </dict>
                <key>zDepth</key>
                <string>9</string>
            </dict>
            <dict>
                <key>id</key>
                <string>2718</string>
                <key>className</key>
                <string>PTModelObjectAssetPowerup</string>
                <key>Name</key>
                <dict>
                    <key>value</key>
                    <string>coin3</string>
                </dict>
                <key>Position</key>
                <dict>
                    <key>value</key>
                    <string>{407.536,343.233}</string>
                </dict>
                <key>Scale</key>
                <dict>
                    <key>value</key>
                    <string>{0.604,0.454}</string>
                </dict>
                <key>Hidden</key>
                <dict>
                    <key>visible</key>
                    <string>0</string>
                </dict>
                <key>Locked</key>
                <dict>
                    <key>visible</key>
                    <string>0</string>
                </dict>
                <key>Asset</key>
                <dict>
                    <key>visible</key>
                    <string>0</string>
                </dict>
                <key>zDepth</key>
                <string>10</string>
            </dict>
            <dict>
                <key>id</key>
                <string>2720</string>
                <key>className</key>
                <string>PTModelObjectAssetPowerup</string>
                <key>Name</key>
                <dict>
                    <key>value</key>
                    <string>coin3</string>
                </dict>
                <key>Position</key>
                <dict>
                    <key>value</key>
                    <string>{485.786,343.233}</string>
                </dict>
                <key>Scale</key>
                <dict>
                    <key>value</key>
                    <string>{0.604,0.454}</string>
                </dict>
                <key>Hidden</key>
                <dict>
                    <key>visible</key>
                    <string>0</string>
                </dict>
                <key>Locked</key>
                <dict>
                    <key>visible</key>
                    <string>0</string>
                </dict>
                <key>Asset</key>
                <dict>
                    <key>visible</key>
                    <string>0</string>
                </dict>
                <key>zDepth</key>
                <string>11</string>
            </dict>
            <dict>
                <key>id</key>
                <string>2722</string>
                <key>className</key>
                <string>PTModelObjectAssetPowerup</string>
                <key>Name</key>
                <dict>
                    <key>value</key>
                    <string>coin3</string>
                </dict>
                <key>Position</key>
                <dict>
                    <key>value</key>
                    <string>{568.036,343.233}</string>
                </dict>
                <key>Scale</key>
                <dict>
                    <key>value</key>
                    <string>{0.604,0.454}</string>
                </dict>
                <key>Hidden</key>
                <dict>
                    <key>visible</key>
                    <string>0</string>
                </dict>
                <key>Locked</key>
                <dict>
                    <key>visible</key>
                    <string>0</string>
                </dict>
                <key>Asset</key>
                <dict>
                    <key>visible</key>
                    <string>0</string>
                </dict>
                <key>zDepth</key>
                <string>12</string>
            </dict>
            <dict>
                <key>id</key>
                <string>2724</string>
                <key>className</key>
                <string>PTModelObjectAssetPowerup</string>
                <key>Name</key>
                <dict>
                    <key>value</key>
                    <string>coin3</string>
                </dict>
                <key>Position</key>
                <dict>
                    <key>value</key>
                    <string>{656.286,343.233}</string>
                </dict>
                <key>Scale</key>
                <dict>
                    <key>value</key>
                    <string>{0.604,0.454}</string>
                </dict>
                <key>Hidden</key>
                <dict>
                    <key>visible</key>
                    <string>0</string>
                </dict>
                <key>Locked</key>
                <dict>
                    <key>visible</key>
                    <string>0</string>
                </dict>
                <key>Asset</key>
                <dict>
                    <key>visible</key>
                    <string>0</string>
                </dict>
                <key>zDepth</key>
                <string>13</string>
            </dict>
            <dict>
                <key>id</key>
                <string>2747</string>
                <key>className</key>
                <string>PTModelObjectAssetPowerup</string>
                <key>Name</key>
                <dict>
                    <key>value</key>
                    <string>coin3</string>
                </dict>
                <key>Position</key>
                <dict>
                    <key>value</key>
                    <string>{731.522,366.149}</string>
                    <key>animationsX</key>
                    <array/>
                    <key>animationsY</key>
                    <array/>
                </dict>
                <key>Rotation</key>
                <dict>
                    <key>animations</key>
                    <array/>
                </dict>
                <key>Scale</key>
                <dict>
                    <key>value</key>
                    <string>{0.657,0.531}</string>
                    <key>animationsX</key>
                    <array/>
                    <key>animationsY</key>
                    <array/>
                </dict>
                <key>Hidden</key>
                <dict>
                    <key>visible</key>
                    <string>0</string>
                </dict>
                <key>Locked</key>
                <dict>
                    <key>visible</key>
                    <string>0</string>
                </dict>
                <key>Opacity</key>
                <dict>
                    <key>animations</key>
                    <array/>
                </dict>
                <key>Asset</key>
                <dict>
                    <key>visible</key>
                    <string>0</string>
                </dict>
                <key>zDepth</key>
                <string>23</string>
            </dict>
            <dict>
                <key>id</key>
                <string>2749</string>
                <key>className</key>
                <string>PTModelObjectAssetPowerup</string>
                <key>Name</key>
                <dict>
                    <key>value</key>
                    <string>coin3</string>
                </dict>
                <key>Position</key>
                <dict>
                    <key>value</key>
                    <string>{820.618,366.149}</string>
                    <key>animationsX</key>
                    <array/>
                    <key>animationsY</key>
                    <array/>
                </dict>
                <key>Rotation</key>
                <dict>
                    <key>animations</key>
                    <array/>
                </dict>
                <key>Scale</key>
                <dict>
                    <key>value</key>
                    <string>{0.657,0.531}</string>
                    <key>animationsX</key>
                    <array/>
                    <key>animationsY</key>
                    <array/>
                </dict>
                <key>Hidden</key>
                <dict>
                    <key>visible</key>
                    <string>0</string>
                </dict>
                <key>Locked</key>
                <dict>
                    <key>visible</key>
                    <string>0</string>
                </dict>
                <key>Opacity</key>
                <dict>
                    <key>animations</key>
                    <array/>
                </dict>
                <key>Asset</key>
                <dict>
                    <key>visible</key>
                    <string>0</string>
                </dict>
                <key>zDepth</key>
                <string>24</string>
            </dict>
            <dict>
                <key>id</key>
                <string>2956</string>
                <key>className</key>
                <string>PTModelObjectAssetPowerup</string>
                <key>Name</key>
                <dict>
                    <key>value</key>
                    <string>coin3</string>
                </dict>
                <key>Position</key>
                <dict>
                    <key>value</key>
                    <string>{842.601,424.019}</string>
                </dict>
                <key>Scale</key>
                <dict>
                    <key>value</key>
                    <string>{0.000,1.000}</string>
                    <key>isXEmpty</key>
                    <string>1</string>
                </dict>
                <key>Hidden</key>
                <dict>
                    <key>visible</key>
                    <string>0</string>
                </dict>
                <key>Locked</key>
                <dict>
                    <key>visible</key>
                    <string>0</string>
                </dict>
                <key>Asset</key>
                <dict>
                    <key>visible</key>
                    <string>0</string>
                </dict>
                <key>zDepth</key>
                <string>17</string>
            </dict>
            <dict>
                <key>id</key>
                <string>2961</string>
                <key>className</key>
                <string>PTModelObjectAssetPowerup</string>
                <key>Name</key>
                <dict>
                    <key>value</key>
                    <string>coin3</string>
                </dict>
                <key>Position</key>
                <dict>
                    <key>value</key>
                    <string>{567.091,185.979}</string>
                </dict>
                <key>Scale</key>
                <dict>
                    <key>value</key>
                    <string>{0.526,0.512}</string>
                </dict>
                <key>Hidden</key>
                <dict>
                    <key>visible</key>
                    <string>0</string>
                </dict>
                <key>Locked</key>
                <dict>
                    <key>visible</key>
                    <string>0</string>
                </dict>
                <key>Asset</key>
                <dict>
                    <key>visible</key>
                    <string>0</string>
                </dict>
                <key>zDepth</key>
                <string>10</string>
            </dict>
            <dict>
                <key>id</key>
                <string>2963</string>
                <key>className</key>
                <string>PTModelObjectAssetPowerup</string>
                <key>Name</key>
                <dict>
                    <key>value</key>
                    <string>coin3</string>
                </dict>
                <key>Position</key>
                <dict>
                    <key>value</key>
                    <string>{635.420,185.979}</string>
                </dict>
                <key>Scale</key>
                <dict>
                    <key>value</key>
                    <string>{0.526,0.512}</string>
                </dict>
                <key>Hidden</key>
                <dict>
                    <key>visible</key>
                    <string>0</string>
                </dict>
                <key>Locked</key>
                <dict>
                    <key>visible</key>
                    <string>0</string>
                </dict>
                <key>Asset</key>
                <dict>
                    <key>visible</key>
                    <string>0</string>
                </dict>
                <key>zDepth</key>
                <string>12</string>
            </dict>
            <dict>
                <key>id</key>
                <string>2965</string>
                <key>className</key>
                <string>PTModelObjectAssetPowerup</string>
                <key>Name</key>
                <dict>
                    <key>value</key>
                    <string>coin3</string>
                </dict>
                <key>Position</key>
                <dict>
                    <key>value</key>
                    <string>{706.749,185.979}</string>
                </dict>
                <key>Scale</key>
                <dict>
                    <key>value</key>
                    <string>{0.526,0.512}</string>
                </dict>
                <key>Hidden</key>
                <dict>
                    <key>visible</key>
                    <string>0</string>
                </dict>
                <key>Locked</key>
                <dict>
                    <key>visible</key>
                    <string>0</string>
                </dict>
                <key>Asset</key>
                <dict>
                    <key>visible</key>
                    <string>0</string>
                </dict>
                <key>zDepth</key>
                <string>13</string>
            </dict>
            <dict>
                <key>id</key>
                <string>2967</string>
                <key>className</key>
                <string>PTModelObjectAssetPowerup</string>
                <key>Name</key>
                <dict>
                    <key>value</key>
                    <string>coin3</string>
                </dict>
                <key>Position</key>
                <dict>
                    <key>value</key>
                    <string>{780.078,185.979}</string>
                </dict>
                <key>Scale</key>
                <dict>
                    <key>value</key>
                    <string>{0.526,0.512}</string>
                </dict>
                <key>Hidden</key>
                <dict>
                    <key>visible</key>
                    <string>0</string>
                </dict>
                <key>Locked</key>
                <dict>
                    <key>visible</key>
                    <string>0</string>
                </dict>
                <key>Asset</key>
                <dict>
                    <key>visible</key>
                    <string>0</string>
                </dict>
                <key>zDepth</key>
                <string>14</string>
            </dict>
            <dict>
                <key>id</key>
                <string>2969</string>
                <key>className</key>
                <string>PTModelObjectAssetPowerup</string>
                <key>Name</key>
                <dict>
                    <key>value</key>
                    <string>coin3</string>
                </dict>
                <key>Position</key>
                <dict>
                    <key>value</key>
                    <string>{856.407,185.979}</string>
                </dict>
                <key>Scale</key>
                <dict>
                    <key>value</key>
                    <string>{0.526,0.512}</string>
                </dict>
                <key>Hidden</key>
                <dict>
                    <key>visible</key>
                    <string>0</string>
                </dict>
                <key>Locked</key>
                <dict>
                    <key>visible</key>
                    <string>0</string>
                </dict>
                <key>Asset</key>
                <dict>
                    <key>visible</key>
                    <string>0</string>
                </dict>
                <key>zDepth</key>
                <string>15</string>
            </dict>
            <dict>
                <key>id</key>
                <string>2981</string>
                <key>className</key>
                <string>PTModelObjectAssetPowerup</string>
                <key>Name</key>
                <dict>
                    <key>value</key>
                    <string>coin3</string>
                </dict>
                <key>Position</key>
                <dict>
                    <key>value</key>
                    <string>{500.762,185.979}</string>
                </dict>
                <key>Scale</key>
                <dict>
                    <key>value</key>
                    <string>{0.526,0.512}</string>
                </dict>
                <key>Hidden</key>
                <dict>
                    <key>visible</key>
                    <string>0</string>
                </dict>
                <key>Locked</key>
                <dict>
                    <key>visible</key>
                    <string>0</string>
                </dict>
                <key>Asset</key>
                <dict>
                    <key>visible</key>
                    <string>0</string>
                </dict>
                <key>zDepth</key>
                <string>11</string>
            </dict>
            <dict>
                <key>id</key>
                <string>3233</string>
                <key>className</key>
                <string>PTModelObjectAssetPowerup</string>
                <key>Name</key>
                <dict>
                    <key>value</key>
                    <string>coin3</string>
                </dict>
                <key>Position</key>
                <dict>
                    <key>value</key>
                    <string>{277.350,188.846}</string>
                </dict>
                <key>Scale</key>
                <dict>
                    <key>value</key>
                    <string>{0.500,0.500}</string>
                </dict>
                <key>Hidden</key>
                <dict>
                    <key>visible</key>
                    <string>0</string>
                </dict>
                <key>Locked</key>
                <dict>
                    <key>visible</key>
                    <string>0</string>
                </dict>
                <key>Asset</key>
                <dict>
                    <key>visible</key>
                    <string>0</string>
                </dict>
                <key>zDepth</key>
                <string>10</string>
            </dict>
            <dict>
                <key>id</key>
                <string>3235</string>
                <key>className</key>
                <string>PTModelObjectAssetPowerup</string>
                <key>Name</key>
                <dict>
                    <key>value</key>
                    <string>coin3</string>
                </dict>
                <key>Position</key>
                <dict>
                    <key>value</key>
                    <string>{340.350,286.501}</string>
                </dict>
                <key>Scale</key>
                <dict>
                    <key>value</key>
                    <string>{0.500,0.500}</string>
                </dict>
                <key>Hidden</key>
                <dict>
                    <key>visible</key>
                    <string>0</string>
                </dict>
                <key>Locked</key>
                <dict>
                    <key>visible</key>
                    <string>0</string>
                </dict>
                <key>Asset</key>
                <dict>
                    <key>visible</key>
                    <string>0</string>
                </dict>
                <key>zDepth</key>
                <string>11</string>
            </dict>
            <dict>
                <key>id</key>
                <string>3237</string>
                <key>className</key>
                <string>PTModelObjectAssetPowerup</string>
                <key>Name</key>
                <dict>
                    <key>value</key>
                    <string>coin3</string>
                </dict>
                <key>Position</key>
                <dict>
                    <key>value</key>
                    <string>{403.350,188.846}</string>
                </dict>
                <key>Scale</key>
                <dict>
                    <key>value</key>
                    <string>{0.500,0.500}</string>
                </dict>
                <key>Hidden</key>
                <dict>
                    <key>visible</key>
                    <string>0</string>
                </dict>
                <key>Locked</key>
                <dict>
                    <key>visible</key>
                    <string>0</string>
                </dict>
                <key>Asset</key>
                <dict>
                    <key>visible</key>
                    <string>0</string>
                </dict>
                <key>zDepth</key>
                <string>12</string>
            </dict>
            <dict>
                <key>id</key>
                <string>3239</string>
                <key>className</key>
                <string>PTModelObjectAssetPowerup</string>
                <key>Name</key>
                <dict>
                    <key>value</key>
                    <string>coin3</string>
                </dict>
                <key>Position</key>
                <dict>
                    <key>value</key>
                    <string>{610.350,188.846}</string>
                </dict>
                <key>Scale</key>
                <dict>
                    <key>value</key>
                    <string>{0.500,0.500}</string>
                </dict>
                <key>Hidden</key>
                <dict>
                    <key>visible</key>
                    <string>0</string>
                </dict>
                <key>Locked</key>
                <dict>
                    <key>visible</key>
                    <string>0</string>
                </dict>
                <key>Asset</key>
                <dict>
                    <key>visible</key>
                    <string>0</string>
                </dict>
                <key>zDepth</key>
                <string>13</string>
            </dict>
            <dict>
                <key>id</key>
                <string>3241</string>
                <key>className</key>
                <string>PTModelObjectAssetPowerup</string>
                <key>Name</key>
                <dict>
                    <key>value</key>
                    <string>coin3</string>
                </dict>
                <key>Position</key>
                <dict>
                    <key>value</key>
                    <string>{669.350,290.846}</string>
                </dict>
                <key>Scale</key>
                <dict>
                    <key>value</key>
                    <string>{0.500,0.500}</string>
                </dict>
                <key>Hidden</key>
                <dict>
                    <key>visible</key>
                    <string>0</string>
                </dict>
                <key>Locked</key>
                <dict>
                    <key>visible</key>
                    <string>0</string>
                </dict>
                <key>Asset</key>
                <dict>
                    <key>visible</key>
                    <string>0</string>
                </dict>
                <key>zDepth</key>
                <string>14</string>
            </dict>
            <dict>
                <key>id</key>
                <string>3243</string>
                <key>className</key>
                <string>PTModelObjectAssetPowerup</string>
                <key>Name</key>
                <dict>
                    <key>value</key>
                    <string>coin3</string>
                </dict>
                <key>Position</key>
                <dict>
                    <key>value</key>
                    <string>{739.350,188.846}</string>
                </dict>
                <key>Scale</key>
                <dict>
                    <key>value</key>
                    <string>{0.500,0.500}</string>
                </dict>
                <key>Hidden</key>
                <dict>
                    <key>visible</key>
                    <string>0</string>
                </dict>
                <key>Locked</key>
                <dict>
                    <key>visible</key>
                    <string>0</string>
                </dict>
                <key>Asset</key>
                <dict>
                    <key>visible</key>
                    <string>0</string>
                </dict>
                <key>zDepth</key>
                <string>15</string>
            </dict>
            <dict>
                <key>id</key>
                <string>3431</string>
                <key>className</key>
                <string>PTModelObjectAssetPowerup</string>
                <key>Name</key>
                <dict>
                    <key>value</key>
                    <string>coin3</string>
                </dict>
                <key>Position</key>
                <dict>
                    <key>value</key>
                    <string>{240.267,363.228}</string>
                </dict>
                <key>Scale</key>
                <dict>
                    <key>value</key>
                    <string>{1.000,0.000}</string>
                    <key>isYEmpty</key>
                    <string>1</string>
                </dict>
                <key>Hidden</key>
                <dict>
                    <key>visible</key>
                    <string>0</string>
                </dict>
                <key>Locked</key>
                <dict>
                    <key>visible</key>
                    <string>0</string>
                </dict>
                <key>Asset</key>
                <dict>
                    <key>visible</key>
                    <string>0</string>
                </dict>
                <key>zDepth</key>
                <string>11</string>
            </dict>
            <dict>
                <key>id</key>
                <string>3434</string>
                <key>className</key>
                <string>PTModelObjectAssetPowerup</string>
                <key>Name</key>
                <dict>
                    <key>value</key>
                    <string>coin3</string>
                </dict>
                <key>Position</key>
                <dict>
                    <key>value</key>
                    <string>{293.974,323.654}</string>
                </dict>
                <key>Scale</key>
                <dict>
                    <key>value</key>
                    <string>{0.500,0.500}</string>
                </dict>
                <key>Hidden</key>
                <dict>
                    <key>visible</key>
                    <string>0</string>
                </dict>
                <key>Locked</key>
                <dict>
                    <key>visible</key>
                    <string>0</string>
                </dict>
                <key>Asset</key>
                <dict>
                    <key>visible</key>
                    <string>0</string>
                </dict>
                <key>zDepth</key>
                <string>12</string>
            </dict>
            <dict>
                <key>id</key>
                <string>3436</string>
                <key>className</key>
                <string>PTModelObjectAssetPowerup</string>
                <key>Name</key>
                <dict>
                    <key>value</key>
                    <string>coin3</string>
                </dict>
                <key>Position</key>
                <dict>
                    <key>value</key>
                    <string>{356.974,213.414}</string>
                </dict>
                <key>Scale</key>
                <dict>
                    <key>value</key>
                    <string>{0.500,0.500}</string>
                </dict>
                <key>Hidden</key>
                <dict>
                    <key>visible</key>
                    <string>0</string>
                </dict>
                <key>Locked</key>
                <dict>
                    <key>visible</key>
                    <string>0</string>
                </dict>
                <key>Asset</key>
                <dict>
                    <key>visible</key>
                    <string>0</string>
                </dict>
                <key>zDepth</key>
                <string>13</string>
            </dict>
            <dict>
                <key>id</key>
                <string>3438</string>
                <key>className</key>
                <string>PTModelObjectAssetPowerup</string>
                <key>Name</key>
                <dict>
                    <key>value</key>
                    <string>coin3</string>
                </dict>
                <key>Position</key>
                <dict>
                    <key>value</key>
                    <string>{419.974,323.654}</string>
                </dict>
                <key>Scale</key>
                <dict>
                    <key>value</key>
                    <string>{0.500,0.500}</string>
                </dict>
                <key>Hidden</key>
                <dict>
                    <key>visible</key>
                    <string>0</string>
                </dict>
                <key>Locked</key>
                <dict>
                    <key>visible</key>
                    <string>0</string>
                </dict>
                <key>Asset</key>
                <dict>
                    <key>visible</key>
                    <string>0</string>
                </dict>
                <key>zDepth</key>
                <string>14</string>
            </dict>
            <dict>
                <key>id</key>
                <string>3440</string>
                <key>className</key>
                <string>PTModelObjectAssetPowerup</string>
                <key>Name</key>
                <dict>
                    <key>value</key>
                    <string>coin3</string>
                </dict>
                <key>Position</key>
                <dict>
                    <key>value</key>
                    <string>{482.974,210.654}</string>
                </dict>
                <key>Scale</key>
                <dict>
                    <key>value</key>
                    <string>{0.500,0.500}</string>
                </dict>
                <key>Hidden</key>
                <dict>
                    <key>visible</key>
                    <string>0</string>
                </dict>
                <key>Locked</key>
                <dict>
                    <key>visible</key>
                    <string>0</string>
                </dict>
                <key>Asset</key>
                <dict>
                    <key>visible</key>
                    <string>0</string>
                </dict>
                <key>zDepth</key>
                <string>15</string>
            </dict>
            <dict>
                <key>id</key>
                <string>3442</string>
                <key>className</key>
                <string>PTModelObjectAssetPowerup</string>
                <key>Name</key>
                <dict>
                    <key>value</key>
                    <string>coin3</string>
                </dict>
                <key>Position</key>
                <dict>
                    <key>value</key>
                    <string>{545.974,323.654}</string>
                </dict>
                <key>Scale</key>
                <dict>
                    <key>value</key>
                    <string>{0.500,0.500}</string>
                </dict>
                <key>Hidden</key>
                <dict>
                    <key>visible</key>
                    <string>0</string>
                </dict>
                <key>Locked</key>
                <dict>
                    <key>visible</key>
                    <string>0</string>
                </dict>
                <key>Asset</key>
                <dict>
                    <key>visible</key>
                    <string>0</string>
                </dict>
                <key>zDepth</key>
                <string>16</string>
            </dict>
            <dict>
                <key>id</key>
                <string>3444</string>
                <key>className</key>
                <string>PTModelObjectAssetPowerup</string>
                <key>Name</key>
                <dict>
                    <key>value</key>
                    <string>coin3</string>
                </dict>
                <key>Position</key>
                <dict>
                    <key>value</key>
                    <string>{608.974,215.654}</string>
                </dict>
                <key>Scale</key>
                <dict>
                    <key>value</key>
                    <string>{0.500,0.500}</string>
                </dict>
                <key>Hidden</key>
                <dict>
                    <key>visible</key>
                    <string>0</string>
                </dict>
                <key>Locked</key>
                <dict>
                    <key>visible</key>
                    <string>0</string>
                </dict>
                <key>Asset</key>
                <dict>
                    <key>visible</key>
                    <string>0</string>
                </dict>
                <key>zDepth</key>
                <string>17</string>
            </dict>
            <dict>
                <key>id</key>
                <string>3446</string>
                <key>className</key>
                <string>PTModelObjectAssetPowerup</string>
                <key>Name</key>
                <dict>
                    <key>value</key>
                    <string>coin3</string>
                </dict>
                <key>Position</key>
                <dict>
                    <key>value</key>
                    <string>{671.974,323.654}</string>
                </dict>
                <key>Scale</key>
                <dict>
                    <key>value</key>
                    <string>{0.500,0.500}</string>
                </dict>
                <key>Hidden</key>
                <dict>
                    <key>visible</key>
                    <string>0</string>
                </dict>
                <key>Locked</key>
                <dict>
                    <key>visible</key>
                    <string>0</string>
                </dict>
                <key>Asset</key>
                <dict>
                    <key>visible</key>
                    <string>0</string>
                </dict>
                <key>zDepth</key>
                <string>18</string>
            </dict>
            <dict>
                <key>id</key>
                <string>3448</string>
                <key>className</key>
                <string>PTModelObjectAssetPowerup</string>
                <key>Name</key>
                <dict>
                    <key>value</key>
                    <string>coin3</string>
                </dict>
                <key>Position</key>
                <dict>
                    <key>value</key>
                    <string>{766.974,216.654}</string>
                </dict>
                <key>Scale</key>
                <dict>
                    <key>value</key>
                    <string>{0.500,0.500}</string>
                </dict>
                <key>Hidden</key>
                <dict>
                    <key>visible</key>
                    <string>0</string>
                </dict>
                <key>Locked</key>
                <dict>
                    <key>visible</key>
                    <string>0</string>
                </dict>
                <key>Asset</key>
                <dict>
                    <key>visible</key>
                    <string>0</string>
                </dict>
                <key>zDepth</key>
                <string>19</string>
            </dict>
            <dict>
                <key>id</key>
                <string>3450</string>
                <key>className</key>
                <string>PTModelObjectAssetPowerup</string>
                <key>Name</key>
                <dict>
                    <key>value</key>
                    <string>coin3</string>
                </dict>
                <key>Position</key>
                <dict>
                    <key>value</key>
                    <string>{840.974,323.154}</string>
                </dict>
                <key>Scale</key>
                <dict>
                    <key>value</key>
                    <string>{0.500,0.500}</string>
                </dict>
                <key>Hidden</key>
                <dict>
                    <key>visible</key>
                    <string>0</string>
                </dict>
                <key>Locked</key>
                <dict>
                    <key>visible</key>
                    <string>0</string>
                </dict>
                <key>Asset</key>
                <dict>
                    <key>visible</key>
                    <string>0</string>
                </dict>
                <key>zDepth</key>
                <string>20</string>
            </dict>
            <dict>
                <key>id</key>
                <string>3859</string>
                <key>className</key>
                <string>PTModelObjectAssetPowerup</string>
                <key>Name</key>
                <dict>
                    <key>value</key>
                    <string>coin3</string>
                </dict>
                <key>Position</key>
                <dict>
                    <key>value</key>
                    <string>{657.956,337.142}</string>
                </dict>
                <key>Scale</key>
                <dict>
                    <key>value</key>
                    <string>{0.500,0.500}</string>
                </dict>
                <key>Hidden</key>
                <dict>
                    <key>visible</key>
                    <string>0</string>
                </dict>
                <key>Locked</key>
                <dict>
                    <key>visible</key>
                    <string>0</string>
                </dict>
                <key>Asset</key>
                <dict>
                    <key>visible</key>
                    <string>0</string>
                </dict>
                <key>zDepth</key>
                <string>48</string>
            </dict>
            <dict>
                <key>id</key>
                <string>3861</string>
                <key>className</key>
                <string>PTModelObjectAssetPowerup</string>
                <key>Name</key>
                <dict>
                    <key>value</key>
                    <string>coin3</string>
                </dict>
                <key>Position</key>
                <dict>
                    <key>value</key>
                    <string>{729.956,337.142}</string>
                </dict>
                <key>Scale</key>
                <dict>
                    <key>value</key>
                    <string>{0.500,0.500}</string>
                </dict>
                <key>Hidden</key>
                <dict>
                    <key>visible</key>
                    <string>0</string>
                </dict>
                <key>Locked</key>
                <dict>
                    <key>visible</key>
                    <string>0</string>
                </dict>
                <key>Asset</key>
                <dict>
                    <key>visible</key>
                    <string>0</string>
                </dict>
                <key>zDepth</key>
                <string>52</string>
            </dict>
            <dict>
                <key>id</key>
                <string>3863</string>
                <key>className</key>
                <string>PTModelObjectAssetPowerup</string>
                <key>Name</key>
                <dict>
                    <key>value</key>
                    <string>coin3</string>
                </dict>
                <key>Position</key>
                <dict>
                    <key>value</key>
                    <string>{803.956,337.142}</string>
                </dict>
                <key>Scale</key>
                <dict>
                    <key>value</key>
                    <string>{0.500,0.500}</string>
                </dict>
                <key>Hidden</key>
                <dict>
                    <key>visible</key>
                    <string>0</string>
                </dict>
                <key>Locked</key>
                <dict>
                    <key>visible</key>
                    <string>0</string>
                </dict>
                <key>Asset</key>
                <dict>
                    <key>visible</key>
                    <string>0</string>
                </dict>
                <key>zDepth</key>
                <string>53</string>
            </dict>
            <dict>
                <key>id</key>
                <string>3865</string>
                <key>className</key>
                <string>PTModelObjectAssetPowerup</string>
                <key>Name</key>
                <dict>
                    <key>value</key>
                    <string>coin3</string>
                </dict>
                <key>Position</key>
                <dict>
                    <key>value</key>
                    <string>{880.956,337.142}</string>
                </dict>
                <key>Scale</key>
                <dict>
                    <key>value</key>
                    <string>{0.500,0.500}</string>
                </dict>
                <key>Hidden</key>
                <dict>
                    <key>visible</key>
                    <string>0</string>
                </dict>
                <key>Locked</key>
                <dict>
                    <key>visible</key>
                    <string>0</string>
                </dict>
                <key>Asset</key>
                <dict>
                    <key>visible</key>
                    <string>0</string>
                </dict>
                <key>zDepth</key>
                <string>54</string>
            </dict>
            <dict>
                <key>id</key>
                <string>3867</string>
                <key>className</key>
                <string>PTModelObjectAssetPowerup</string>
                <key>Name</key>
                <dict>
                    <key>value</key>
                    <string>coin3</string>
                </dict>
                <key>Position</key>
                <dict>
                    <key>value</key>
                    <string>{206.960,210.436}</string>
                </dict>
                <key>Scale</key>
                <dict>
                    <key>value</key>
                    <string>{0.500,0.500}</string>
                </dict>
                <key>Hidden</key>
                <dict>
                    <key>visible</key>
                    <string>0</string>
                </dict>
                <key>Locked</key>
                <dict>
                    <key>visible</key>
                    <string>0</string>
                </dict>
                <key>Asset</key>
                <dict>
                    <key>visible</key>
                    <string>0</string>
                </dict>
                <key>zDepth</key>
                <string>49</string>
            </dict>
            <dict>
                <key>id</key>
                <string>3869</string>
                <key>className</key>
                <string>PTModelObjectAssetPowerup</string>
                <key>Name</key>
                <dict>
                    <key>value</key>
                    <string>coin3</string>
                </dict>
                <key>Position</key>
                <dict>
                    <key>value</key>
                    <string>{275.960,210.436}</string>
                </dict>
                <key>Scale</key>
                <dict>
                    <key>value</key>
                    <string>{0.500,0.500}</string>
                </dict>
                <key>Hidden</key>
                <dict>
                    <key>visible</key>
                    <string>0</string>
                </dict>
                <key>Locked</key>
                <dict>
                    <key>visible</key>
                    <string>0</string>
                </dict>
                <key>Asset</key>
                <dict>
                    <key>visible</key>
                    <string>0</string>
                </dict>
                <key>zDepth</key>
                <string>50</string>
            </dict>
            <dict>
                <key>id</key>
                <string>3871</string>
                <key>className</key>
                <string>PTModelObjectAssetPowerup</string>
                <key>Name</key>
                <dict>
                    <key>value</key>
                    <string>coin3</string>
                </dict>
                <key>Position</key>
                <dict>
                    <key>value</key>
                    <string>{347.960,210.436}</string>
                </dict>
                <key>Scale</key>
                <dict>
                    <key>value</key>
                    <string>{0.500,0.500}</string>
                </dict>
                <key>Hidden</key>
                <dict>
                    <key>visible</key>
                    <string>0</string>
                </dict>
                <key>Locked</key>
                <dict>
                    <key>visible</key>
                    <string>0</string>
                </dict>
                <key>Asset</key>
                <dict>
                    <key>visible</key>
                    <string>0</string>
                </dict>
                <key>zDepth</key>
                <string>51</string>
            </dict>
            <dict>
                <key>id</key>
                <string>3873</string>
                <key>className</key>
                <string>PTModelObjectAssetPowerup</string>
                <key>Name</key>
                <dict>
                    <key>value</key>
                    <string>coin3</string>
                </dict>
                <key>Position</key>
                <dict>
                    <key>value</key>
                    <string>{1116.920,224.514}</string>
                </dict>
                <key>Scale</key>
                <dict>
                    <key>value</key>
                    <string>{0.500,0.500}</string>
                </dict>
                <key>Hidden</key>
                <dict>
                    <key>visible</key>
                    <string>0</string>
                </dict>
                <key>Locked</key>
                <dict>
                    <key>visible</key>
                    <string>0</string>
                </dict>
                <key>Asset</key>
                <dict>
                    <key>visible</key>
                    <string>0</string>
                </dict>
                <key>zDepth</key>
                <string>55</string>
            </dict>
            <dict>
                <key>id</key>
                <string>4382</string>
                <key>className</key>
                <string>PTModelObjectAssetPowerup</string>
                <key>Name</key>
                <dict>
                    <key>value</key>
                    <string>coin3</string>
                </dict>
                <key>Position</key>
                <dict>
                    <key>value</key>
                    <string>{246.325,234.191}</string>
                    <key>animationsX</key>
                    <array/>
                    <key>animationsY</key>
                    <array/>
                </dict>
                <key>Rotation</key>
                <dict>
                    <key>animations</key>
                    <array/>
                </dict>
                <key>Scale</key>
                <dict>
                    <key>value</key>
                    <string>{0.500,0.500}</string>
                    <key>animationsX</key>
                    <array/>
                    <key>animationsY</key>
                    <array/>
                </dict>
                <key>Hidden</key>
                <dict>
                    <key>visible</key>
                    <string>0</string>
                </dict>
                <key>Locked</key>
                <dict>
                    <key>visible</key>
                    <string>0</string>
                </dict>
                <key>Opacity</key>
                <dict>
                    <key>animations</key>
                    <array/>
                </dict>
                <key>Asset</key>
                <dict>
                    <key>visible</key>
                    <string>0</string>
                </dict>
                <key>zDepth</key>
                <string>9</string>
            </dict>
            <dict>
                <key>id</key>
                <string>4396</string>
                <key>className</key>
                <string>PTModelObjectAssetPowerup</string>
                <key>Name</key>
                <dict>
                    <key>value</key>
                    <string>coin3</string>
                </dict>
                <key>Position</key>
                <dict>
                    <key>value</key>
                    <string>{306.898,328.411}</string>
                    <key>animationsX</key>
                    <array/>
                    <key>animationsY</key>
                    <array/>
                </dict>
                <key>Rotation</key>
                <dict>
                    <key>animations</key>
                    <array/>
                </dict>
                <key>Scale</key>
                <dict>
                    <key>value</key>
                    <string>{0.500,0.500}</string>
                    <key>animationsX</key>
                    <array/>
                    <key>animationsY</key>
                    <array/>
                </dict>
                <key>Hidden</key>
                <dict>
                    <key>visible</key>
                    <string>0</string>
                </dict>
                <key>Locked</key>
                <dict>
                    <key>visible</key>
                    <string>0</string>
                </dict>
                <key>Opacity</key>
                <dict>
                    <key>animations</key>
                    <array/>
                </dict>
                <key>Asset</key>
                <dict>
                    <key>visible</key>
                    <string>0</string>
                </dict>
                <key>zDepth</key>
                <string>10</string>
            </dict>
            <dict>
                <key>id</key>
                <string>4398</string>
                <key>className</key>
                <string>PTModelObjectAssetPowerup</string>
                <key>Name</key>
                <dict>
                    <key>value</key>
                    <string>coin3</string>
                </dict>
                <key>Position</key>
                <dict>
                    <key>value</key>
                    <string>{372.325,234.191}</string>
                    <key>animationsX</key>
                    <array/>
                    <key>animationsY</key>
                    <array/>
                </dict>
                <key>Rotation</key>
                <dict>
                    <key>animations</key>
                    <array/>
                </dict>
                <key>Scale</key>
                <dict>
                    <key>value</key>
                    <string>{0.500,0.500}</string>
                    <key>animationsX</key>
                    <array/>
                    <key>animationsY</key>
                    <array/>
                </dict>
                <key>Hidden</key>
                <dict>
                    <key>visible</key>
                    <string>0</string>
                </dict>
                <key>Locked</key>
                <dict>
                    <key>visible</key>
                    <string>0</string>
                </dict>
                <key>Opacity</key>
                <dict>
                    <key>animations</key>
                    <array/>
                </dict>
                <key>Asset</key>
                <dict>
                    <key>visible</key>
                    <string>0</string>
                </dict>
                <key>zDepth</key>
                <string>11</string>
            </dict>
            <dict>
                <key>id</key>
                <string>4400</string>
                <key>className</key>
                <string>PTModelObjectAssetPowerup</string>
                <key>Name</key>
                <dict>
                    <key>value</key>
                    <string>coin3</string>
                </dict>
                <key>Position</key>
                <dict>
                    <key>value</key>
                    <string>{486.289,235.404}</string>
                    <key>animationsX</key>
                    <array/>
                    <key>animationsY</key>
                    <array/>
                </dict>
                <key>Rotation</key>
                <dict>
                    <key>animations</key>
                    <array/>
                </dict>
                <key>Scale</key>
                <dict>
                    <key>value</key>
                    <string>{0.500,0.500}</string>
                    <key>animationsX</key>
                    <array/>
                    <key>animationsY</key>
                    <array/>
                </dict>
                <key>Hidden</key>
                <dict>
                    <key>visible</key>
                    <string>0</string>
                </dict>
                <key>Locked</key>
                <dict>
                    <key>visible</key>
                    <string>0</string>
                </dict>
                <key>Opacity</key>
                <dict>
                    <key>animations</key>
                    <array/>
                </dict>
                <key>Asset</key>
                <dict>
                    <key>visible</key>
                    <string>0</string>
                </dict>
                <key>zDepth</key>
                <string>12</string>
            </dict>
            <dict>
                <key>id</key>
                <string>4402</string>
                <key>className</key>
                <string>PTModelObjectAssetPowerup</string>
                <key>Name</key>
                <dict>
                    <key>value</key>
                    <string>coin3</string>
                </dict>
                <key>Position</key>
                <dict>
                    <key>value</key>
                    <string>{549.289,331.404}</string>
                    <key>animationsX</key>
                    <array/>
                    <key>animationsY</key>
                    <array/>
                </dict>
                <key>Rotation</key>
                <dict>
                    <key>animations</key>
                    <array/>
                </dict>
                <key>Scale</key>
                <dict>
                    <key>value</key>
                    <string>{0.500,0.500}</string>
                    <key>animationsX</key>
                    <array/>
                    <key>animationsY</key>
                    <array/>
                </dict>
                <key>Hidden</key>
                <dict>
                    <key>visible</key>
                    <string>0</string>
                </dict>
                <key>Locked</key>
                <dict>
                    <key>visible</key>
                    <string>0</string>
                </dict>
                <key>Opacity</key>
                <dict>
                    <key>animations</key>
                    <array/>
                </dict>
                <key>Asset</key>
                <dict>
                    <key>visible</key>
                    <string>0</string>
                </dict>
                <key>zDepth</key>
                <string>13</string>
            </dict>
            <dict>
                <key>id</key>
                <string>4404</string>
                <key>className</key>
                <string>PTModelObjectAssetPowerup</string>
                <key>Name</key>
                <dict>
                    <key>value</key>
                    <string>coin3</string>
                </dict>
                <key>Position</key>
                <dict>
                    <key>value</key>
                    <string>{612.289,235.404}</string>
                    <key>animationsX</key>
                    <array/>
                    <key>animationsY</key>
                    <array/>
                </dict>
                <key>Rotation</key>
                <dict>
                    <key>animations</key>
                    <array/>
                </dict>
                <key>Scale</key>
                <dict>
                    <key>value</key>
                    <string>{0.500,0.500}</string>
                    <key>animationsX</key>
                    <array/>
                    <key>animationsY</key>
                    <array/>
                </dict>
                <key>Hidden</key>
                <dict>
                    <key>visible</key>
                    <string>0</string>
                </dict>
                <key>Locked</key>
                <dict>
                    <key>visible</key>
                    <string>0</string>
                </dict>
                <key>Opacity</key>
                <dict>
                    <key>animations</key>
                    <array/>
                </dict>
                <key>Asset</key>
                <dict>
                    <key>visible</key>
                    <string>0</string>
                </dict>
                <key>zDepth</key>
                <string>14</string>
            </dict>
            <dict>
                <key>id</key>
                <string>4406</string>
                <key>className</key>
                <string>PTModelObjectAssetPowerup</string>
                <key>Name</key>
                <dict>
                    <key>value</key>
                    <string>coin3</string>
                </dict>
                <key>Position</key>
                <dict>
                    <key>value</key>
                    <string>{789.936,339.759}</string>
                    <key>animationsX</key>
                    <array/>
                    <key>animationsY</key>
                    <array/>
                </dict>
                <key>Rotation</key>
                <dict>
                    <key>animations</key>
                    <array/>
                </dict>
                <key>Scale</key>
                <dict>
                    <key>value</key>
                    <string>{0.500,0.500}</string>
                    <key>animationsX</key>
                    <array/>
                    <key>animationsY</key>
                    <array/>
                </dict>
                <key>Hidden</key>
                <dict>
                    <key>visible</key>
                    <string>0</string>
                </dict>
                <key>Locked</key>
                <dict>
                    <key>visible</key>
                    <string>0</string>
                </dict>
                <key>Opacity</key>
                <dict>
                    <key>animations</key>
                    <array/>
                </dict>
                <key>Asset</key>
                <dict>
                    <key>visible</key>
                    <string>0</string>
                </dict>
                <key>zDepth</key>
                <string>15</string>
            </dict>
            <dict>
                <key>id</key>
                <string>4408</string>
                <key>className</key>
                <string>PTModelObjectAssetPowerup</string>
                <key>Name</key>
                <dict>
                    <key>value</key>
                    <string>coin3</string>
                </dict>
                <key>Position</key>
                <dict>
                    <key>value</key>
                    <string>{738.289,235.404}</string>
                    <key>animationsX</key>
                    <array/>
                    <key>animationsY</key>
                    <array/>
                </dict>
                <key>Rotation</key>
                <dict>
                    <key>animations</key>
                    <array/>
                </dict>
                <key>Scale</key>
                <dict>
                    <key>value</key>
                    <string>{0.500,0.500}</string>
                    <key>animationsX</key>
                    <array/>
                    <key>animationsY</key>
                    <array/>
                </dict>
                <key>Hidden</key>
                <dict>
                    <key>visible</key>
                    <string>0</string>
                </dict>
                <key>Locked</key>
                <dict>
                    <key>visible</key>
                    <string>0</string>
                </dict>
                <key>Opacity</key>
                <dict>
                    <key>animations</key>
                    <array/>
                </dict>
                <key>Asset</key>
                <dict>
                    <key>visible</key>
                    <string>0</string>
                </dict>
                <key>zDepth</key>
                <string>16</string>
            </dict>
            <dict>
                <key>id</key>
                <string>4410</string>
                <key>className</key>
                <string>PTModelObjectAssetPowerup</string>
                <key>Name</key>
                <dict>
                    <key>value</key>
                    <string>coin3</string>
                </dict>
                <key>Position</key>
                <dict>
                    <key>value</key>
                    <string>{846.289,235.404}</string>
                    <key>animationsX</key>
                    <array/>
                    <key>animationsY</key>
                    <array/>
                </dict>
                <key>Rotation</key>
                <dict>
                    <key>animations</key>
                    <array/>
                </dict>
                <key>Scale</key>
                <dict>
                    <key>value</key>
                    <string>{0.500,0.500}</string>
                    <key>animationsX</key>
                    <array/>
                    <key>animationsY</key>
                    <array/>
                </dict>
                <key>Hidden</key>
                <dict>
                    <key>visible</key>
                    <string>0</string>
                </dict>
                <key>Locked</key>
                <dict>
                    <key>visible</key>
                    <string>0</string>
                </dict>
                <key>Opacity</key>
                <dict>
                    <key>animations</key>
                    <array/>
                </dict>
                <key>Asset</key>
                <dict>
                    <key>visible</key>
                    <string>0</string>
                </dict>
                <key>zDepth</key>
                <string>17</string>
            </dict>
            <dict>
                <key>id</key>
                <string>4760</string>
                <key>className</key>
                <string>PTModelObjectAssetPowerup</string>
                <key>Name</key>
                <dict>
                    <key>value</key>
                    <string>coin3</string>
                </dict>
                <key>Position</key>
                <dict>
                    <key>value</key>
                    <string>{422.211,475.522}</string>
                </dict>
                <key>Scale</key>
                <dict>
                    <key>value</key>
                    <string>{0.500,0.500}</string>
                </dict>
                <key>Hidden</key>
                <dict>
                    <key>visible</key>
                    <string>0</string>
                </dict>
                <key>Locked</key>
                <dict>
                    <key>visible</key>
                    <string>0</string>
                    <key>value</key>
                    <string>1</string>
                </dict>
                <key>Asset</key>
                <dict>
                    <key>visible</key>
                    <string>0</string>
                </dict>
                <key>zDepth</key>
                <string>18</string>
            </dict>
            <dict>
                <key>id</key>
                <string>4762</string>
                <key>className</key>
                <string>PTModelObjectAssetPowerup</string>
                <key>Name</key>
                <dict>
                    <key>value</key>
                    <string>coin3</string>
                </dict>
                <key>Position</key>
                <dict>
                    <key>value</key>
                    <string>{338.211,374.522}</string>
                </dict>
                <key>Scale</key>
                <dict>
                    <key>value</key>
                    <string>{0.500,0.500}</string>
                </dict>
                <key>Hidden</key>
                <dict>
                    <key>visible</key>
                    <string>0</string>
                </dict>
                <key>Locked</key>
                <dict>
                    <key>visible</key>
                    <string>0</string>
                    <key>value</key>
                    <string>1</string>
                </dict>
                <key>Asset</key>
                <dict>
                    <key>visible</key>
                    <string>0</string>
                </dict>
                <key>zDepth</key>
                <string>19</string>
            </dict>
            <dict>
                <key>id</key>
                <string>4764</string>
                <key>className</key>
                <string>PTModelObjectAssetPowerup</string>
                <key>Name</key>
                <dict>
                    <key>value</key>
                    <string>coin3</string>
                </dict>
                <key>Position</key>
                <dict>
                    <key>value</key>
                    <string>{298.211,273.522}</string>
                </dict>
                <key>Scale</key>
                <dict>
                    <key>value</key>
                    <string>{0.500,0.500}</string>
                </dict>
                <key>Hidden</key>
                <dict>
                    <key>visible</key>
                    <string>0</string>
                </dict>
                <key>Locked</key>
                <dict>
                    <key>visible</key>
                    <string>0</string>
                    <key>value</key>
                    <string>1</string>
                </dict>
                <key>Asset</key>
                <dict>
                    <key>visible</key>
                    <string>0</string>
                </dict>
                <key>zDepth</key>
                <string>20</string>
            </dict>
            <dict>
                <key>id</key>
                <string>4766</string>
                <key>className</key>
                <string>PTModelObjectAssetPowerup</string>
                <key>Name</key>
                <dict>
                    <key>value</key>
                    <string>coin3</string>
                </dict>
                <key>Position</key>
                <dict>
                    <key>value</key>
                    <string>{587.211,469.894}</string>
                </dict>
                <key>Scale</key>
                <dict>
                    <key>value</key>
                    <string>{0.500,0.500}</string>
                </dict>
                <key>Hidden</key>
                <dict>
                    <key>visible</key>
                    <string>0</string>
                </dict>
                <key>Locked</key>
                <dict>
                    <key>visible</key>
                    <string>0</string>
                    <key>value</key>
                    <string>1</string>
                </dict>
                <key>Asset</key>
                <dict>
                    <key>visible</key>
                    <string>0</string>
                </dict>
                <key>zDepth</key>
                <string>15</string>
            </dict>
            <dict>
                <key>id</key>
                <string>4768</string>
                <key>className</key>
                <string>PTModelObjectAssetPowerup</string>
                <key>Name</key>
                <dict>
                    <key>value</key>
                    <string>coin3</string>
                </dict>
                <key>Position</key>
                <dict>
                    <key>value</key>
                    <string>{669.851,371.949}</string>
                </dict>
                <key>Scale</key>
                <dict>
                    <key>value</key>
                    <string>{0.500,0.500}</string>
                </dict>
                <key>Hidden</key>
                <dict>
                    <key>visible</key>
                    <string>0</string>
                </dict>
                <key>Locked</key>
                <dict>
                    <key>visible</key>
                    <string>0</string>
                    <key>value</key>
                    <string>1</string>
                </dict>
                <key>Asset</key>
                <dict>
                    <key>visible</key>
                    <string>0</string>
                </dict>
                <key>zDepth</key>
                <string>16</string>
            </dict>
            <dict>
                <key>id</key>
                <string>4770</string>
                <key>className</key>
                <string>PTModelObjectAssetPowerup</string>
                <key>Name</key>
                <dict>
                    <key>value</key>
                    <string>coin3</string>
                </dict>
                <key>Position</key>
                <dict>
                    <key>value</key>
                    <string>{727.784,270.096}</string>
                </dict>
                <key>Scale</key>
                <dict>
                    <key>value</key>
                    <string>{0.500,0.500}</string>
                </dict>
                <key>Hidden</key>
                <dict>
                    <key>visible</key>
                    <string>0</string>
                </dict>
                <key>Locked</key>
                <dict>
                    <key>visible</key>
                    <string>0</string>
                    <key>value</key>
                    <string>1</string>
                </dict>
                <key>Asset</key>
                <dict>
                    <key>visible</key>
                    <string>0</string>
                </dict>
                <key>zDepth</key>
                <string>17</string>
            </dict>
        </array>
    </dict>
</plist>
