<?xml version="1.0" encoding="UTF-8"?>
<!DOCTYPE plist PUBLIC "-//Apple//DTD PLIST 1.0//EN" "http://www.apple.com/DTDs/PropertyList-1.0.dtd"/>

<plist version="1.0">
    <dict>
        <key>ROOT</key>
        <array>
            <dict>
                <key>id</key>
                <string>394</string>
                <key>className</key>
                <string>PTModelObjectAssetLogic</string>
                <key>Name</key>
                <dict>
                    <key>value</key>
                    <string>Untitled</string>
                </dict>
                <key>Position</key>
                <dict>
                    <key>value</key>
                    <string>{693.456,268.000}</string>
                </dict>
                <key>Scale</key>
                <dict>
                    <key>value</key>
                    <string>{1.000,1.000}</string>
                </dict>
                <key>Hidden</key>
                <dict>
                    <key>visible</key>
                    <string>0</string>
                </dict>
                <key>Locked</key>
                <dict>
                    <key>visible</key>
                    <string>0</string>
                </dict>
                <key>Opacity</key>
                <dict>
                    <key>visible</key>
                    <string>0</string>
                </dict>
                <key>Position Modifier</key>
                <dict>
                    <key>value</key>
                    <string>{0.000,0.000}</string>
                    <key>isXEmpty</key>
                    <string>1</string>
                    <key>isYEmpty</key>
                    <string>1</string>
                    <key>useDefault</key>
                    <string>0</string>
                </dict>
                <key>Rotation Modifier</key>
                <dict>
                    <key>useDefault</key>
                    <string>0</string>
                    <key>isEmpty</key>
                    <string>1</string>
                </dict>
                <key>Scale Modifier</key>
                <dict>
                    <key>value</key>
                    <string>{0.000,0.000}</string>
                    <key>isXEmpty</key>
                    <string>1</string>
                    <key>isYEmpty</key>
                    <string>1</string>
                    <key>useDefault</key>
                    <string>0</string>
                </dict>
                <key>Linear Velocity Modifier</key>
                <dict>
                    <key>value</key>
                    <string>{0.000,0.000}</string>
                    <key>useDefault</key>
                    <string>0</string>
                </dict>
                <key>Angular Velocity Modifier</key>
                <dict>
                    <key>useDefault</key>
                    <string>0</string>
                    <key>isEmpty</key>
                    <string>1</string>
                </dict>
                <key>Affected asset</key>
                <dict>
                    <key>selectedStringValue</key>
                    <string>128</string>
                </dict>
                <key>Affect operation</key>
                <dict>
                    <key>selectedStringValue</key>
                    <string>kReplace</string>
                </dict>
                <key>zDepth</key>
                <string>504</string>
            </dict>
            <dict>
                <key>id</key>
                <string>1285</string>
                <key>className</key>
                <string>PTModelObjectAssetLogic</string>
                <key>Name</key>
                <dict>
                    <key>value</key>
                    <string>Untitled</string>
                </dict>
                <key>Position</key>
                <dict>
                    <key>value</key>
                    <string>{693.456,268.000}</string>
                </dict>
                <key>Scale</key>
                <dict>
                    <key>value</key>
                    <string>{1.000,1.000}</string>
                </dict>
                <key>Hidden</key>
                <dict>
                    <key>visible</key>
                    <string>0</string>
                </dict>
                <key>Locked</key>
                <dict>
                    <key>visible</key>
                    <string>0</string>
                </dict>
                <key>Opacity</key>
                <dict>
                    <key>visible</key>
                    <string>0</string>
                </dict>
                <key>Position Modifier</key>
                <dict>
                    <key>value</key>
                    <string>{0.000,0.000}</string>
                    <key>isXEmpty</key>
                    <string>1</string>
                    <key>isYEmpty</key>
                    <string>1</string>
                    <key>useDefault</key>
                    <string>0</string>
                </dict>
                <key>Rotation Modifier</key>
                <dict>
                    <key>useDefault</key>
                    <string>0</string>
                    <key>isEmpty</key>
                    <string>1</string>
                </dict>
                <key>Scale Modifier</key>
                <dict>
                    <key>value</key>
                    <string>{0.000,0.000}</string>
                    <key>isXEmpty</key>
                    <string>1</string>
                    <key>isYEmpty</key>
                    <string>1</string>
                    <key>useDefault</key>
                    <string>0</string>
                </dict>
                <key>Linear Velocity Modifier</key>
                <dict>
                    <key>value</key>
                    <string>{0.000,0.000}</string>
                    <key>useDefault</key>
                    <string>0</string>
                </dict>
                <key>Angular Velocity Modifier</key>
                <dict>
                    <key>useDefault</key>
                    <string>0</string>
                    <key>isEmpty</key>
                    <string>1</string>
                </dict>
                <key>Affected asset</key>
                <dict>
                    <key>selectedStringValue</key>
                    <string>128</string>
                </dict>
                <key>Affect operation</key>
                <dict>
                    <key>selectedStringValue</key>
                    <string>kReplace</string>
                </dict>
                <key>zDepth</key>
                <string>504</string>
            </dict>
            <dict>
                <key>id</key>
                <string>2237</string>
                <key>className</key>
                <string>PTModelObjectAssetLogic</string>
                <key>Name</key>
                <dict>
                    <key>value</key>
                    <string>Transform</string>
                </dict>
                <key>Position</key>
                <dict>
                    <key>value</key>
                    <string>{310.468,533.195}</string>
                </dict>
                <key>Scale</key>
                <dict>
                    <key>value</key>
                    <string>{1.000,1.000}</string>
                </dict>
                <key>Hidden</key>
                <dict>
                    <key>visible</key>
                    <string>0</string>
                </dict>
                <key>Locked</key>
                <dict>
                    <key>visible</key>
                    <string>0</string>
                </dict>
                <key>Opacity</key>
                <dict>
                    <key>visible</key>
                    <string>0</string>
                </dict>
                <key>Position Modifier</key>
                <dict>
                    <key>value</key>
                    <string>{0.000,0.000}</string>
                    <key>isXEmpty</key>
                    <string>1</string>
                    <key>isYEmpty</key>
                    <string>1</string>
                    <key>useDefault</key>
                    <string>0</string>
                </dict>
                <key>Rotation Modifier</key>
                <dict>
                    <key>useDefault</key>
                    <string>0</string>
                    <key>isEmpty</key>
                    <string>1</string>
                </dict>
                <key>Scale Modifier</key>
                <dict>
                    <key>value</key>
                    <string>{0.000,0.000}</string>
                    <key>isXEmpty</key>
                    <string>1</string>
                    <key>isYEmpty</key>
                    <string>1</string>
                    <key>useDefault</key>
                    <string>0</string>
                </dict>
                <key>Linear Velocity Modifier</key>
                <dict>
                    <key>value</key>
                    <string>{10.000,0.000}</string>
                    <key>isYEmpty</key>
                    <string>1</string>
                    <key>useDefault</key>
                    <string>0</string>
                </dict>
                <key>Angular Velocity Modifier</key>
                <dict>
                    <key>useDefault</key>
                    <string>0</string>
                    <key>isEmpty</key>
                    <string>1</string>
                </dict>
                <key>Affected asset</key>
                <dict>
                    <key>selectedStringValue</key>
                    <string>2220</string>
                </dict>
                <key>Affect operation</key>
                <dict>
                    <key>selectedStringValue</key>
                    <string>kReplace</string>
                </dict>
                <key>zDepth</key>
                <string>502</string>
            </dict>
            <dict>
                <key>id</key>
                <string>2241</string>
                <key>className</key>
                <string>PTModelObjectAssetLogic</string>
                <key>Name</key>
                <dict>
                    <key>value</key>
                    <string>Transform</string>
                </dict>
                <key>Position</key>
                <dict>
                    <key>value</key>
                    <string>{821.468,533.195}</string>
                </dict>
                <key>Scale</key>
                <dict>
                    <key>value</key>
                    <string>{1.000,1.000}</string>
                </dict>
                <key>Hidden</key>
                <dict>
                    <key>visible</key>
                    <string>0</string>
                </dict>
                <key>Locked</key>
                <dict>
                    <key>visible</key>
                    <string>0</string>
                </dict>
                <key>Opacity</key>
                <dict>
                    <key>visible</key>
                    <string>0</string>
                </dict>
                <key>Position Modifier</key>
                <dict>
                    <key>value</key>
                    <string>{0.000,0.000}</string>
                    <key>isXEmpty</key>
                    <string>1</string>
                    <key>isYEmpty</key>
                    <string>1</string>
                    <key>useDefault</key>
                    <string>0</string>
                </dict>
                <key>Rotation Modifier</key>
                <dict>
                    <key>useDefault</key>
                    <string>0</string>
                    <key>isEmpty</key>
                    <string>1</string>
                </dict>
                <key>Scale Modifier</key>
                <dict>
                    <key>value</key>
                    <string>{0.000,0.000}</string>
                    <key>isXEmpty</key>
                    <string>1</string>
                    <key>isYEmpty</key>
                    <string>1</string>
                    <key>useDefault</key>
                    <string>0</string>
                </dict>
                <key>Linear Velocity Modifier</key>
                <dict>
                    <key>value</key>
                    <string>{-10.000,0.000}</string>
                    <key>isYEmpty</key>
                    <string>1</string>
                    <key>useDefault</key>
                    <string>0</string>
                </dict>
                <key>Angular Velocity Modifier</key>
                <dict>
                    <key>useDefault</key>
                    <string>0</string>
                    <key>isEmpty</key>
                    <string>1</string>
                </dict>
                <key>Affected asset</key>
                <dict>
                    <key>selectedStringValue</key>
                    <string>2220</string>
                </dict>
                <key>Affect operation</key>
                <dict>
                    <key>selectedStringValue</key>
                    <string>kReplace</string>
                </dict>
                <key>zDepth</key>
                <string>503</string>
            </dict>
            <dict>
                <key>id</key>
                <string>2808</string>
                <key>className</key>
                <string>PTModelObjectAssetLogic</string>
                <key>Name</key>
                <dict>
                    <key>value</key>
                    <string>Transform</string>
                </dict>
                <key>Position</key>
                <dict>
                    <key>value</key>
                    <string>{413.235,106.340}</string>
                </dict>
                <key>Scale</key>
                <dict>
                    <key>value</key>
                    <string>{1.000,1.000}</string>
                </dict>
                <key>Hidden</key>
                <dict>
                    <key>visible</key>
                    <string>0</string>
                </dict>
                <key>Locked</key>
                <dict>
                    <key>visible</key>
                    <string>0</string>
                    <key>value</key>
                    <string>1</string>
                </dict>
                <key>Opacity</key>
                <dict>
                    <key>visible</key>
                    <string>0</string>
                </dict>
                <key>Position Modifier</key>
                <dict>
                    <key>value</key>
                    <string>{0.000,0.000}</string>
                    <key>isXEmpty</key>
                    <string>1</string>
                    <key>isYEmpty</key>
                    <string>1</string>
                    <key>useDefault</key>
                    <string>0</string>
                </dict>
                <key>Rotation Modifier</key>
                <dict>
                    <key>useDefault</key>
                    <string>0</string>
                    <key>isEmpty</key>
                    <string>1</string>
                </dict>
                <key>Scale Modifier</key>
                <dict>
                    <key>value</key>
                    <string>{0.000,0.000}</string>
                    <key>isXEmpty</key>
                    <string>1</string>
                    <key>isYEmpty</key>
                    <string>1</string>
                    <key>useDefault</key>
                    <string>0</string>
                </dict>
                <key>Linear Velocity Modifier</key>
                <dict>
                    <key>value</key>
                    <string>{10.000,0.000}</string>
                    <key>isYEmpty</key>
                    <string>1</string>
                    <key>useDefault</key>
                    <string>0</string>
                </dict>
                <key>Angular Velocity Modifier</key>
                <dict>
                    <key>useDefault</key>
                    <string>0</string>
                    <key>isEmpty</key>
                    <string>1</string>
                </dict>
                <key>Affected asset</key>
                <dict>
                    <key>selectedStringValue</key>
                    <string>2788</string>
                </dict>
                <key>Affect operation</key>
                <dict>
                    <key>selectedStringValue</key>
                    <string>kReplace</string>
                </dict>
                <key>zDepth</key>
                <string>501</string>
            </dict>
            <dict>
                <key>id</key>
                <string>2812</string>
                <key>className</key>
                <string>PTModelObjectAssetLogic</string>
                <key>Name</key>
                <dict>
                    <key>value</key>
                    <string>Transform</string>
                </dict>
                <key>Position</key>
                <dict>
                    <key>value</key>
                    <string>{857.235,106.340}</string>
                </dict>
                <key>Scale</key>
                <dict>
                    <key>value</key>
                    <string>{1.000,1.000}</string>
                </dict>
                <key>Hidden</key>
                <dict>
                    <key>visible</key>
                    <string>0</string>
                </dict>
                <key>Locked</key>
                <dict>
                    <key>visible</key>
                    <string>0</string>
                    <key>value</key>
                    <string>1</string>
                </dict>
                <key>Opacity</key>
                <dict>
                    <key>visible</key>
                    <string>0</string>
                </dict>
                <key>Position Modifier</key>
                <dict>
                    <key>value</key>
                    <string>{0.000,0.000}</string>
                    <key>isXEmpty</key>
                    <string>1</string>
                    <key>isYEmpty</key>
                    <string>1</string>
                    <key>useDefault</key>
                    <string>0</string>
                </dict>
                <key>Rotation Modifier</key>
                <dict>
                    <key>useDefault</key>
                    <string>0</string>
                    <key>isEmpty</key>
                    <string>1</string>
                </dict>
                <key>Scale Modifier</key>
                <dict>
                    <key>value</key>
                    <string>{0.000,0.000}</string>
                    <key>isXEmpty</key>
                    <string>1</string>
                    <key>isYEmpty</key>
                    <string>1</string>
                    <key>useDefault</key>
                    <string>0</string>
                </dict>
                <key>Linear Velocity Modifier</key>
                <dict>
                    <key>value</key>
                    <string>{-10.000,0.000}</string>
                    <key>isYEmpty</key>
                    <string>1</string>
                    <key>useDefault</key>
                    <string>0</string>
                </dict>
                <key>Angular Velocity Modifier</key>
                <dict>
                    <key>useDefault</key>
                    <string>0</string>
                    <key>isEmpty</key>
                    <string>1</string>
                </dict>
                <key>Affected asset</key>
                <dict>
                    <key>selectedStringValue</key>
                    <string>2788</string>
                </dict>
                <key>Affect operation</key>
                <dict>
                    <key>selectedStringValue</key>
                    <string>kReplace</string>
                </dict>
                <key>zDepth</key>
                <string>502</string>
            </dict>
            <dict>
                <key>id</key>
                <string>3324</string>
                <key>className</key>
                <string>PTModelObjectAssetLogic</string>
                <key>Name</key>
                <dict>
                    <key>value</key>
                    <string>Transform</string>
                </dict>
                <key>Position</key>
                <dict>
                    <key>value</key>
                    <string>{319.000,563.000}</string>
                </dict>
                <key>Scale</key>
                <dict>
                    <key>value</key>
                    <string>{1.000,1.000}</string>
                </dict>
                <key>Hidden</key>
                <dict>
                    <key>visible</key>
                    <string>0</string>
                </dict>
                <key>Locked</key>
                <dict>
                    <key>visible</key>
                    <string>0</string>
                </dict>
                <key>Opacity</key>
                <dict>
                    <key>visible</key>
                    <string>0</string>
                </dict>
                <key>Position Modifier</key>
                <dict>
                    <key>value</key>
                    <string>{0.000,0.000}</string>
                    <key>isXEmpty</key>
                    <string>1</string>
                    <key>isYEmpty</key>
                    <string>1</string>
                    <key>useDefault</key>
                    <string>0</string>
                </dict>
                <key>Rotation Modifier</key>
                <dict>
                    <key>useDefault</key>
                    <string>0</string>
                    <key>isEmpty</key>
                    <string>1</string>
                </dict>
                <key>Scale Modifier</key>
                <dict>
                    <key>value</key>
                    <string>{0.000,0.000}</string>
                    <key>isXEmpty</key>
                    <string>1</string>
                    <key>isYEmpty</key>
                    <string>1</string>
                    <key>useDefault</key>
                    <string>0</string>
                </dict>
                <key>Linear Velocity Modifier</key>
                <dict>
                    <key>value</key>
                    <string>{10.000,0.000}</string>
                    <key>isYEmpty</key>
                    <string>1</string>
                    <key>useDefault</key>
                    <string>0</string>
                </dict>
                <key>Angular Velocity Modifier</key>
                <dict>
                    <key>useDefault</key>
                    <string>0</string>
                    <key>isEmpty</key>
                    <string>1</string>
                </dict>
                <key>Affected asset</key>
                <dict>
                    <key>selectedStringValue</key>
                    <string>3183</string>
                </dict>
                <key>Affect operation</key>
                <dict>
                    <key>selectedStringValue</key>
                    <string>kReplace</string>
                </dict>
                <key>zDepth</key>
                <string>501</string>
            </dict>
            <dict>
                <key>id</key>
                <string>3328</string>
                <key>className</key>
                <string>PTModelObjectAssetLogic</string>
                <key>Name</key>
                <dict>
                    <key>value</key>
                    <string>Transform</string>
                </dict>
                <key>Position</key>
                <dict>
                    <key>value</key>
                    <string>{828.000,563.000}</string>
                </dict>
                <key>Scale</key>
                <dict>
                    <key>value</key>
                    <string>{1.000,1.000}</string>
                </dict>
                <key>Hidden</key>
                <dict>
                    <key>visible</key>
                    <string>0</string>
                </dict>
                <key>Locked</key>
                <dict>
                    <key>visible</key>
                    <string>0</string>
                </dict>
                <key>Opacity</key>
                <dict>
                    <key>visible</key>
                    <string>0</string>
                </dict>
                <key>Position Modifier</key>
                <dict>
                    <key>value</key>
                    <string>{0.000,0.000}</string>
                    <key>isXEmpty</key>
                    <string>1</string>
                    <key>isYEmpty</key>
                    <string>1</string>
                    <key>useDefault</key>
                    <string>0</string>
                </dict>
                <key>Rotation Modifier</key>
                <dict>
                    <key>useDefault</key>
                    <string>0</string>
                    <key>isEmpty</key>
                    <string>1</string>
                </dict>
                <key>Scale Modifier</key>
                <dict>
                    <key>value</key>
                    <string>{0.000,0.000}</string>
                    <key>isXEmpty</key>
                    <string>1</string>
                    <key>isYEmpty</key>
                    <string>1</string>
                    <key>useDefault</key>
                    <string>0</string>
                </dict>
                <key>Linear Velocity Modifier</key>
                <dict>
                    <key>value</key>
                    <string>{-10.000,0.000}</string>
                    <key>isYEmpty</key>
                    <string>1</string>
                    <key>useDefault</key>
                    <string>0</string>
                </dict>
                <key>Angular Velocity Modifier</key>
                <dict>
                    <key>useDefault</key>
                    <string>0</string>
                    <key>isEmpty</key>
                    <string>1</string>
                </dict>
                <key>Affected asset</key>
                <dict>
                    <key>selectedStringValue</key>
                    <string>3183</string>
                </dict>
                <key>Affect operation</key>
                <dict>
                    <key>selectedStringValue</key>
                    <string>kReplace</string>
                </dict>
                <key>zDepth</key>
                <string>502</string>
            </dict>
        </array>
    </dict>
</plist>
