<?xml version="1.0" encoding="UTF-8"?>
<!DOCTYPE plist PUBLIC "-//Apple//DTD PLIST 1.0//EN" "http://www.apple.com/DTDs/PropertyList-1.0.dtd"/>

<plist version="1.0">
    <dict>
        <key>ROOT</key>
        <array>
            <dict>
                <key>id</key>
                <string>962</string>
            </dict>
            <dict>
                <key>id</key>
                <string>963</string>
            </dict>
            <dict>
                <key>id</key>
                <string>1269</string>
            </dict>
            <dict>
                <key>id</key>
                <string>1292</string>
            </dict>
            <dict>
                <key>id</key>
                <string>2057</string>
            </dict>
            <dict>
                <key>id</key>
                <string>2058</string>
            </dict>
            <dict>
                <key>id</key>
                <string>2059</string>
            </dict>
            <dict>
                <key>id</key>
                <string>2060</string>
            </dict>
            <dict>
                <key>id</key>
                <string>2137</string>
            </dict>
            <dict>
                <key>id</key>
                <string>2139</string>
            </dict>
            <dict>
                <key>id</key>
                <string>2141</string>
            </dict>
            <dict>
                <key>id</key>
                <string>2881</string>
            </dict>
            <dict>
                <key>id</key>
                <string>2892</string>
            </dict>
        </array>
    </dict>
</plist>
