<?xml version="1.0" encoding="UTF-8"?>
<!DOCTYPE plist PUBLIC "-//Apple//DTD PLIST 1.0//EN" "http://www.apple.com/DTDs/PropertyList-1.0.dtd"/>

<plist version="1.0">
    <dict>
        <key>ROOT</key>
        <array>
            <dict>
                <key>id</key>
                <string>1677</string>
                <key>Asset</key>
                <dict>
                    <key>value</key>
                    <string>1669</string>
                </dict>
            </dict>
            <dict>
                <key>id</key>
                <string>1919</string>
                <key>Asset</key>
                <dict>
                    <key>value</key>
                    <string>1669</string>
                </dict>
            </dict>
            <dict>
                <key>id</key>
                <string>1921</string>
                <key>Asset</key>
                <dict>
                    <key>value</key>
                    <string>1669</string>
                </dict>
            </dict>
            <dict>
                <key>id</key>
                <string>1923</string>
                <key>Asset</key>
                <dict>
                    <key>value</key>
                    <string>1669</string>
                </dict>
            </dict>
            <dict>
                <key>id</key>
                <string>1925</string>
                <key>Asset</key>
                <dict>
                    <key>value</key>
                    <string>1669</string>
                </dict>
            </dict>
            <dict>
                <key>id</key>
                <string>1927</string>
                <key>Asset</key>
                <dict>
                    <key>value</key>
                    <string>1669</string>
                </dict>
            </dict>
            <dict>
                <key>id</key>
                <string>1929</string>
                <key>Asset</key>
                <dict>
                    <key>value</key>
                    <string>1669</string>
                </dict>
            </dict>
            <dict>
                <key>id</key>
                <string>1933</string>
                <key>Asset</key>
                <dict>
                    <key>value</key>
                    <string>1669</string>
                </dict>
            </dict>
            <dict>
                <key>id</key>
                <string>1935</string>
                <key>Asset</key>
                <dict>
                    <key>value</key>
                    <string>1669</string>
                </dict>
            </dict>
            <dict>
                <key>id</key>
                <string>1964</string>
                <key>Asset</key>
                <dict>
                    <key>value</key>
                    <string>1956</string>
                </dict>
            </dict>
            <dict>
                <key>id</key>
                <string>1966</string>
                <key>Asset</key>
                <dict>
                    <key>value</key>
                    <string>1956</string>
                </dict>
            </dict>
            <dict>
                <key>id</key>
                <string>1968</string>
                <key>Asset</key>
                <dict>
                    <key>value</key>
                    <string>1956</string>
                </dict>
            </dict>
            <dict>
                <key>id</key>
                <string>1971</string>
                <key>Asset</key>
                <dict>
                    <key>value</key>
                    <string>1956</string>
                </dict>
            </dict>
            <dict>
                <key>id</key>
                <string>1973</string>
                <key>Asset</key>
                <dict>
                    <key>value</key>
                    <string>1956</string>
                </dict>
            </dict>
            <dict>
                <key>id</key>
                <string>2013</string>
                <key>Asset</key>
                <dict>
                    <key>value</key>
                    <string>2003</string>
                </dict>
            </dict>
            <dict>
                <key>id</key>
                <string>2037</string>
                <key>Asset</key>
                <dict>
                    <key>value</key>
                    <string>2003</string>
                </dict>
            </dict>
            <dict>
                <key>id</key>
                <string>2039</string>
                <key>Asset</key>
                <dict>
                    <key>value</key>
                    <string>2003</string>
                </dict>
            </dict>
            <dict>
                <key>id</key>
                <string>2052</string>
                <key>Asset</key>
                <dict>
                    <key>value</key>
                    <string>2042</string>
                </dict>
                <key>components</key>
                <array>
                    <string>2058</string>
                </array>
            </dict>
            <dict>
                <key>id</key>
                <string>2054</string>
                <key>Asset</key>
                <dict>
                    <key>value</key>
                    <string>2042</string>
                </dict>
                <key>components</key>
                <array>
                    <string>2059</string>
                </array>
            </dict>
            <dict>
                <key>id</key>
                <string>2056</string>
                <key>Asset</key>
                <dict>
                    <key>value</key>
                    <string>2042</string>
                </dict>
                <key>components</key>
                <array>
                    <string>2060</string>
                </array>
            </dict>
            <dict>
                <key>id</key>
                <string>2117</string>
                <key>Asset</key>
                <dict>
                    <key>value</key>
                    <string>1669</string>
                </dict>
            </dict>
            <dict>
                <key>id</key>
                <string>2140</string>
                <key>Asset</key>
                <dict>
                    <key>value</key>
                    <string>2042</string>
                </dict>
                <key>components</key>
                <array>
                    <string>2141</string>
                </array>
            </dict>
            <dict>
                <key>id</key>
                <string>2154</string>
                <key>Asset</key>
                <dict>
                    <key>value</key>
                    <string>1669</string>
                </dict>
            </dict>
            <dict>
                <key>id</key>
                <string>2156</string>
                <key>Asset</key>
                <dict>
                    <key>value</key>
                    <string>1669</string>
                </dict>
            </dict>
            <dict>
                <key>id</key>
                <string>2158</string>
                <key>Asset</key>
                <dict>
                    <key>value</key>
                    <string>1669</string>
                </dict>
            </dict>
            <dict>
                <key>id</key>
                <string>2160</string>
                <key>Asset</key>
                <dict>
                    <key>value</key>
                    <string>1669</string>
                </dict>
            </dict>
            <dict>
                <key>id</key>
                <string>2162</string>
                <key>Asset</key>
                <dict>
                    <key>value</key>
                    <string>1669</string>
                </dict>
            </dict>
            <dict>
                <key>id</key>
                <string>2164</string>
                <key>Asset</key>
                <dict>
                    <key>value</key>
                    <string>1669</string>
                </dict>
            </dict>
            <dict>
                <key>id</key>
                <string>2168</string>
                <key>Asset</key>
                <dict>
                    <key>value</key>
                    <string>1669</string>
                </dict>
            </dict>
            <dict>
                <key>id</key>
                <string>2170</string>
                <key>Asset</key>
                <dict>
                    <key>value</key>
                    <string>1669</string>
                </dict>
            </dict>
            <dict>
                <key>id</key>
                <string>2228</string>
                <key>Asset</key>
                <dict>
                    <key>value</key>
                    <string>2220</string>
                </dict>
            </dict>
            <dict>
                <key>id</key>
                <string>2306</string>
                <key>Asset</key>
                <dict>
                    <key>value</key>
                    <string>1669</string>
                </dict>
            </dict>
            <dict>
                <key>id</key>
                <string>2308</string>
                <key>Asset</key>
                <dict>
                    <key>value</key>
                    <string>1669</string>
                </dict>
            </dict>
            <dict>
                <key>id</key>
                <string>2310</string>
                <key>Asset</key>
                <dict>
                    <key>value</key>
                    <string>1669</string>
                </dict>
            </dict>
            <dict>
                <key>id</key>
                <string>2312</string>
                <key>Asset</key>
                <dict>
                    <key>value</key>
                    <string>1669</string>
                </dict>
            </dict>
            <dict>
                <key>id</key>
                <string>2314</string>
                <key>Asset</key>
                <dict>
                    <key>value</key>
                    <string>1669</string>
                </dict>
            </dict>
            <dict>
                <key>id</key>
                <string>2316</string>
                <key>Asset</key>
                <dict>
                    <key>value</key>
                    <string>1669</string>
                </dict>
            </dict>
            <dict>
                <key>id</key>
                <string>2318</string>
                <key>Asset</key>
                <dict>
                    <key>value</key>
                    <string>1669</string>
                </dict>
            </dict>
            <dict>
                <key>id</key>
                <string>2320</string>
                <key>Asset</key>
                <dict>
                    <key>value</key>
                    <string>1669</string>
                </dict>
            </dict>
            <dict>
                <key>id</key>
                <string>2661</string>
                <key>Asset</key>
                <dict>
                    <key>value</key>
                    <string>2653</string>
                </dict>
            </dict>
            <dict>
                <key>id</key>
                <string>2683</string>
                <key>Asset</key>
                <dict>
                    <key>value</key>
                    <string>2675</string>
                </dict>
            </dict>
            <dict>
                <key>id</key>
                <string>2704</string>
                <key>Asset</key>
                <dict>
                    <key>value</key>
                    <string>2696</string>
                </dict>
            </dict>
            <dict>
                <key>id</key>
                <string>2753</string>
                <key>Asset</key>
                <dict>
                    <key>value</key>
                    <string>1669</string>
                </dict>
            </dict>
            <dict>
                <key>id</key>
                <string>2755</string>
                <key>Asset</key>
                <dict>
                    <key>value</key>
                    <string>1669</string>
                </dict>
            </dict>
            <dict>
                <key>id</key>
                <string>2757</string>
                <key>Asset</key>
                <dict>
                    <key>value</key>
                    <string>1669</string>
                </dict>
            </dict>
            <dict>
                <key>id</key>
                <string>2767</string>
                <key>Asset</key>
                <dict>
                    <key>value</key>
                    <string>1669</string>
                </dict>
            </dict>
            <dict>
                <key>id</key>
                <string>2781</string>
                <key>Asset</key>
                <dict>
                    <key>value</key>
                    <string>2773</string>
                </dict>
            </dict>
            <dict>
                <key>id</key>
                <string>2785</string>
                <key>Asset</key>
                <dict>
                    <key>value</key>
                    <string>2773</string>
                </dict>
            </dict>
            <dict>
                <key>id</key>
                <string>2799</string>
                <key>Asset</key>
                <dict>
                    <key>value</key>
                    <string>2773</string>
                </dict>
            </dict>
            <dict>
                <key>id</key>
                <string>2860</string>
                <key>Asset</key>
                <dict>
                    <key>value</key>
                    <string>1669</string>
                </dict>
            </dict>
            <dict>
                <key>id</key>
                <string>2862</string>
                <key>Asset</key>
                <dict>
                    <key>value</key>
                    <string>1669</string>
                </dict>
            </dict>
            <dict>
                <key>id</key>
                <string>2895</string>
                <key>Asset</key>
                <dict>
                    <key>value</key>
                    <string>2788</string>
                </dict>
            </dict>
            <dict>
                <key>id</key>
                <string>2908</string>
                <key>Asset</key>
                <dict>
                    <key>value</key>
                    <string>2773</string>
                </dict>
            </dict>
            <dict>
                <key>id</key>
                <string>3001</string>
                <key>Asset</key>
                <dict>
                    <key>value</key>
                    <string>2993</string>
                </dict>
            </dict>
            <dict>
                <key>id</key>
                <string>3079</string>
                <key>Asset</key>
                <dict>
                    <key>value</key>
                    <string>3071</string>
                </dict>
            </dict>
            <dict>
                <key>id</key>
                <string>3082</string>
                <key>Asset</key>
                <dict>
                    <key>value</key>
                    <string>3071</string>
                </dict>
            </dict>
            <dict>
                <key>id</key>
                <string>3096</string>
                <key>Asset</key>
                <dict>
                    <key>value</key>
                    <string>3071</string>
                </dict>
            </dict>
            <dict>
                <key>id</key>
                <string>3098</string>
                <key>Asset</key>
                <dict>
                    <key>value</key>
                    <string>3071</string>
                </dict>
            </dict>
            <dict>
                <key>id</key>
                <string>3100</string>
                <key>Asset</key>
                <dict>
                    <key>value</key>
                    <string>3071</string>
                </dict>
            </dict>
            <dict>
                <key>id</key>
                <string>3102</string>
                <key>Asset</key>
                <dict>
                    <key>value</key>
                    <string>3071</string>
                </dict>
            </dict>
            <dict>
                <key>id</key>
                <string>3164</string>
                <key>Asset</key>
                <dict>
                    <key>value</key>
                    <string>1669</string>
                </dict>
            </dict>
            <dict>
                <key>id</key>
                <string>3166</string>
                <key>Asset</key>
                <dict>
                    <key>value</key>
                    <string>1669</string>
                </dict>
            </dict>
            <dict>
                <key>id</key>
                <string>3168</string>
                <key>Asset</key>
                <dict>
                    <key>value</key>
                    <string>1669</string>
                </dict>
            </dict>
            <dict>
                <key>id</key>
                <string>3170</string>
                <key>Asset</key>
                <dict>
                    <key>value</key>
                    <string>1669</string>
                </dict>
            </dict>
            <dict>
                <key>id</key>
                <string>3172</string>
                <key>Asset</key>
                <dict>
                    <key>value</key>
                    <string>1669</string>
                </dict>
            </dict>
            <dict>
                <key>id</key>
                <string>3174</string>
                <key>Asset</key>
                <dict>
                    <key>value</key>
                    <string>1669</string>
                </dict>
            </dict>
            <dict>
                <key>id</key>
                <string>3176</string>
                <key>Asset</key>
                <dict>
                    <key>value</key>
                    <string>1669</string>
                </dict>
            </dict>
            <dict>
                <key>id</key>
                <string>3178</string>
                <key>Asset</key>
                <dict>
                    <key>value</key>
                    <string>1669</string>
                </dict>
            </dict>
            <dict>
                <key>id</key>
                <string>3180</string>
                <key>Asset</key>
                <dict>
                    <key>value</key>
                    <string>1669</string>
                </dict>
            </dict>
            <dict>
                <key>id</key>
                <string>3191</string>
                <key>Asset</key>
                <dict>
                    <key>value</key>
                    <string>3183</string>
                </dict>
            </dict>
            <dict>
                <key>id</key>
                <string>3256</string>
                <key>Asset</key>
                <dict>
                    <key>value</key>
                    <string>2993</string>
                </dict>
            </dict>
            <dict>
                <key>id</key>
                <string>3305</string>
                <key>Asset</key>
                <dict>
                    <key>value</key>
                    <string>1669</string>
                </dict>
            </dict>
            <dict>
                <key>id</key>
                <string>3307</string>
                <key>Asset</key>
                <dict>
                    <key>value</key>
                    <string>1669</string>
                </dict>
            </dict>
            <dict>
                <key>id</key>
                <string>3309</string>
                <key>Asset</key>
                <dict>
                    <key>value</key>
                    <string>1669</string>
                </dict>
            </dict>
            <dict>
                <key>id</key>
                <string>3311</string>
                <key>Asset</key>
                <dict>
                    <key>value</key>
                    <string>1669</string>
                </dict>
            </dict>
            <dict>
                <key>id</key>
                <string>3313</string>
                <key>Asset</key>
                <dict>
                    <key>value</key>
                    <string>1669</string>
                </dict>
            </dict>
            <dict>
                <key>id</key>
                <string>3315</string>
                <key>Asset</key>
                <dict>
                    <key>value</key>
                    <string>1669</string>
                </dict>
            </dict>
            <dict>
                <key>id</key>
                <string>3317</string>
                <key>Asset</key>
                <dict>
                    <key>value</key>
                    <string>1669</string>
                </dict>
            </dict>
            <dict>
                <key>id</key>
                <string>3319</string>
                <key>Asset</key>
                <dict>
                    <key>value</key>
                    <string>1669</string>
                </dict>
            </dict>
            <dict>
                <key>id</key>
                <string>3332</string>
                <key>Asset</key>
                <dict>
                    <key>value</key>
                    <string>3183</string>
                </dict>
            </dict>
            <dict>
                <key>id</key>
                <string>3379</string>
                <key>Asset</key>
                <dict>
                    <key>value</key>
                    <string>3371</string>
                </dict>
                <key>components</key>
                <array>
                    <string>3380</string>
                </array>
            </dict>
            <dict>
                <key>id</key>
                <string>3428</string>
                <key>Asset</key>
                <dict>
                    <key>value</key>
                    <string>1669</string>
                </dict>
            </dict>
            <dict>
                <key>id</key>
                <string>3537</string>
                <key>Asset</key>
                <dict>
                    <key>value</key>
                    <string>3529</string>
                </dict>
            </dict>
            <dict>
                <key>id</key>
                <string>3569</string>
                <key>Asset</key>
                <dict>
                    <key>value</key>
                    <string>3529</string>
                </dict>
            </dict>
            <dict>
                <key>id</key>
                <string>3571</string>
                <key>Asset</key>
                <dict>
                    <key>value</key>
                    <string>3529</string>
                </dict>
            </dict>
            <dict>
                <key>id</key>
                <string>3573</string>
                <key>Asset</key>
                <dict>
                    <key>value</key>
                    <string>3529</string>
                </dict>
            </dict>
            <dict>
                <key>id</key>
                <string>3575</string>
                <key>Asset</key>
                <dict>
                    <key>value</key>
                    <string>3529</string>
                </dict>
            </dict>
            <dict>
                <key>id</key>
                <string>3577</string>
                <key>Asset</key>
                <dict>
                    <key>value</key>
                    <string>3529</string>
                </dict>
            </dict>
            <dict>
                <key>id</key>
                <string>3579</string>
                <key>Asset</key>
                <dict>
                    <key>value</key>
                    <string>3529</string>
                </dict>
            </dict>
            <dict>
                <key>id</key>
                <string>3581</string>
                <key>Asset</key>
                <dict>
                    <key>value</key>
                    <string>3529</string>
                </dict>
            </dict>
            <dict>
                <key>id</key>
                <string>3583</string>
                <key>Asset</key>
                <dict>
                    <key>value</key>
                    <string>3529</string>
                </dict>
            </dict>
            <dict>
                <key>id</key>
                <string>3585</string>
                <key>Asset</key>
                <dict>
                    <key>value</key>
                    <string>3529</string>
                </dict>
            </dict>
            <dict>
                <key>id</key>
                <string>3596</string>
                <key>Asset</key>
                <dict>
                    <key>value</key>
                    <string>3588</string>
                </dict>
            </dict>
            <dict>
                <key>id</key>
                <string>3598</string>
                <key>Asset</key>
                <dict>
                    <key>value</key>
                    <string>3588</string>
                </dict>
            </dict>
            <dict>
                <key>id</key>
                <string>3600</string>
                <key>Asset</key>
                <dict>
                    <key>value</key>
                    <string>3588</string>
                </dict>
            </dict>
            <dict>
                <key>id</key>
                <string>3602</string>
                <key>Asset</key>
                <dict>
                    <key>value</key>
                    <string>3588</string>
                </dict>
            </dict>
            <dict>
                <key>id</key>
                <string>3624</string>
                <key>Asset</key>
                <dict>
                    <key>value</key>
                    <string>3588</string>
                </dict>
            </dict>
            <dict>
                <key>id</key>
                <string>3626</string>
                <key>Asset</key>
                <dict>
                    <key>value</key>
                    <string>3588</string>
                </dict>
            </dict>
            <dict>
                <key>id</key>
                <string>3644</string>
                <key>Asset</key>
                <dict>
                    <key>value</key>
                    <string>3588</string>
                </dict>
            </dict>
            <dict>
                <key>id</key>
                <string>3646</string>
                <key>Asset</key>
                <dict>
                    <key>value</key>
                    <string>3588</string>
                </dict>
            </dict>
            <dict>
                <key>id</key>
                <string>3648</string>
                <key>Asset</key>
                <dict>
                    <key>value</key>
                    <string>3588</string>
                </dict>
            </dict>
            <dict>
                <key>id</key>
                <string>3650</string>
                <key>Asset</key>
                <dict>
                    <key>value</key>
                    <string>3588</string>
                </dict>
            </dict>
            <dict>
                <key>id</key>
                <string>3661</string>
                <key>Asset</key>
                <dict>
                    <key>value</key>
                    <string>3653</string>
                </dict>
            </dict>
            <dict>
                <key>id</key>
                <string>3663</string>
                <key>Asset</key>
                <dict>
                    <key>value</key>
                    <string>3653</string>
                </dict>
            </dict>
            <dict>
                <key>id</key>
                <string>3665</string>
                <key>Asset</key>
                <dict>
                    <key>value</key>
                    <string>3588</string>
                </dict>
            </dict>
            <dict>
                <key>id</key>
                <string>3690</string>
                <key>Asset</key>
                <dict>
                    <key>value</key>
                    <string>3653</string>
                </dict>
            </dict>
            <dict>
                <key>id</key>
                <string>3692</string>
                <key>Asset</key>
                <dict>
                    <key>value</key>
                    <string>3653</string>
                </dict>
            </dict>
            <dict>
                <key>id</key>
                <string>3717</string>
                <key>Asset</key>
                <dict>
                    <key>value</key>
                    <string>3588</string>
                </dict>
            </dict>
            <dict>
                <key>id</key>
                <string>3719</string>
                <key>Asset</key>
                <dict>
                    <key>value</key>
                    <string>3588</string>
                </dict>
            </dict>
            <dict>
                <key>id</key>
                <string>3721</string>
                <key>Asset</key>
                <dict>
                    <key>value</key>
                    <string>3588</string>
                </dict>
            </dict>
            <dict>
                <key>id</key>
                <string>3723</string>
                <key>Asset</key>
                <dict>
                    <key>value</key>
                    <string>3588</string>
                </dict>
            </dict>
            <dict>
                <key>id</key>
                <string>3727</string>
                <key>Asset</key>
                <dict>
                    <key>value</key>
                    <string>3588</string>
                </dict>
            </dict>
            <dict>
                <key>id</key>
                <string>3729</string>
                <key>Asset</key>
                <dict>
                    <key>value</key>
                    <string>3588</string>
                </dict>
            </dict>
            <dict>
                <key>id</key>
                <string>3731</string>
                <key>Asset</key>
                <dict>
                    <key>value</key>
                    <string>3588</string>
                </dict>
            </dict>
            <dict>
                <key>id</key>
                <string>3741</string>
                <key>Asset</key>
                <dict>
                    <key>value</key>
                    <string>3588</string>
                </dict>
            </dict>
            <dict>
                <key>id</key>
                <string>3743</string>
                <key>Asset</key>
                <dict>
                    <key>value</key>
                    <string>3588</string>
                </dict>
            </dict>
            <dict>
                <key>id</key>
                <string>3745</string>
                <key>Asset</key>
                <dict>
                    <key>value</key>
                    <string>3588</string>
                </dict>
            </dict>
            <dict>
                <key>id</key>
                <string>3747</string>
                <key>Asset</key>
                <dict>
                    <key>value</key>
                    <string>3588</string>
                </dict>
            </dict>
            <dict>
                <key>id</key>
                <string>3753</string>
                <key>Asset</key>
                <dict>
                    <key>value</key>
                    <string>3588</string>
                </dict>
            </dict>
            <dict>
                <key>id</key>
                <string>3800</string>
                <key>Asset</key>
                <dict>
                    <key>value</key>
                    <string>3588</string>
                </dict>
            </dict>
            <dict>
                <key>id</key>
                <string>3805</string>
                <key>Asset</key>
                <dict>
                    <key>value</key>
                    <string>3588</string>
                </dict>
            </dict>
            <dict>
                <key>id</key>
                <string>3807</string>
                <key>Asset</key>
                <dict>
                    <key>value</key>
                    <string>3588</string>
                </dict>
            </dict>
            <dict>
                <key>id</key>
                <string>3809</string>
                <key>Asset</key>
                <dict>
                    <key>value</key>
                    <string>3588</string>
                </dict>
            </dict>
            <dict>
                <key>id</key>
                <string>3811</string>
                <key>Asset</key>
                <dict>
                    <key>value</key>
                    <string>3588</string>
                </dict>
            </dict>
            <dict>
                <key>id</key>
                <string>3813</string>
                <key>Asset</key>
                <dict>
                    <key>value</key>
                    <string>3588</string>
                </dict>
            </dict>
            <dict>
                <key>id</key>
                <string>3815</string>
                <key>Asset</key>
                <dict>
                    <key>value</key>
                    <string>3588</string>
                </dict>
            </dict>
            <dict>
                <key>id</key>
                <string>3817</string>
                <key>Asset</key>
                <dict>
                    <key>value</key>
                    <string>3588</string>
                </dict>
            </dict>
            <dict>
                <key>id</key>
                <string>3819</string>
                <key>Asset</key>
                <dict>
                    <key>value</key>
                    <string>3588</string>
                </dict>
            </dict>
            <dict>
                <key>id</key>
                <string>3821</string>
                <key>Asset</key>
                <dict>
                    <key>value</key>
                    <string>3588</string>
                </dict>
            </dict>
            <dict>
                <key>id</key>
                <string>3879</string>
                <key>Asset</key>
                <dict>
                    <key>value</key>
                    <string>3588</string>
                </dict>
            </dict>
            <dict>
                <key>id</key>
                <string>3914</string>
                <key>Asset</key>
                <dict>
                    <key>value</key>
                    <string>3588</string>
                </dict>
            </dict>
            <dict>
                <key>id</key>
                <string>3916</string>
                <key>Asset</key>
                <dict>
                    <key>value</key>
                    <string>3588</string>
                </dict>
            </dict>
            <dict>
                <key>id</key>
                <string>3918</string>
                <key>Asset</key>
                <dict>
                    <key>value</key>
                    <string>3588</string>
                </dict>
            </dict>
            <dict>
                <key>id</key>
                <string>3920</string>
                <key>Asset</key>
                <dict>
                    <key>value</key>
                    <string>3588</string>
                </dict>
            </dict>
            <dict>
                <key>id</key>
                <string>3935</string>
                <key>Asset</key>
                <dict>
                    <key>value</key>
                    <string>3588</string>
                </dict>
            </dict>
            <dict>
                <key>id</key>
                <string>3944</string>
                <key>Asset</key>
                <dict>
                    <key>value</key>
                    <string>3588</string>
                </dict>
            </dict>
            <dict>
                <key>id</key>
                <string>4072</string>
                <key>Asset</key>
                <dict>
                    <key>value</key>
                    <string>3071</string>
                </dict>
            </dict>
            <dict>
                <key>id</key>
                <string>4074</string>
                <key>Asset</key>
                <dict>
                    <key>value</key>
                    <string>3071</string>
                </dict>
            </dict>
            <dict>
                <key>id</key>
                <string>4076</string>
                <key>Asset</key>
                <dict>
                    <key>value</key>
                    <string>3071</string>
                </dict>
            </dict>
            <dict>
                <key>id</key>
                <string>4078</string>
                <key>Asset</key>
                <dict>
                    <key>value</key>
                    <string>3071</string>
                </dict>
            </dict>
            <dict>
                <key>id</key>
                <string>4080</string>
                <key>Asset</key>
                <dict>
                    <key>value</key>
                    <string>3071</string>
                </dict>
            </dict>
            <dict>
                <key>id</key>
                <string>4082</string>
                <key>Asset</key>
                <dict>
                    <key>value</key>
                    <string>3071</string>
                </dict>
            </dict>
            <dict>
                <key>id</key>
                <string>4084</string>
                <key>Asset</key>
                <dict>
                    <key>value</key>
                    <string>3071</string>
                </dict>
            </dict>
            <dict>
                <key>id</key>
                <string>4131</string>
                <key>Asset</key>
                <dict>
                    <key>value</key>
                    <string>3588</string>
                </dict>
            </dict>
            <dict>
                <key>id</key>
                <string>4240</string>
                <key>Asset</key>
                <dict>
                    <key>value</key>
                    <string>3183</string>
                </dict>
            </dict>
            <dict>
                <key>id</key>
                <string>4247</string>
                <key>Asset</key>
                <dict>
                    <key>value</key>
                    <string>2220</string>
                </dict>
            </dict>
            <dict>
                <key>id</key>
                <string>4278</string>
                <key>Asset</key>
                <dict>
                    <key>value</key>
                    <string>3371</string>
                </dict>
            </dict>
            <dict>
                <key>id</key>
                <string>4478</string>
                <key>Asset</key>
                <dict>
                    <key>value</key>
                    <string>3529</string>
                </dict>
            </dict>
            <dict>
                <key>id</key>
                <string>4480</string>
                <key>Asset</key>
                <dict>
                    <key>value</key>
                    <string>3529</string>
                </dict>
            </dict>
            <dict>
                <key>id</key>
                <string>4482</string>
                <key>Asset</key>
                <dict>
                    <key>value</key>
                    <string>3529</string>
                </dict>
            </dict>
            <dict>
                <key>id</key>
                <string>4484</string>
                <key>Asset</key>
                <dict>
                    <key>value</key>
                    <string>3529</string>
                </dict>
            </dict>
            <dict>
                <key>id</key>
                <string>4486</string>
                <key>Asset</key>
                <dict>
                    <key>value</key>
                    <string>3529</string>
                </dict>
            </dict>
            <dict>
                <key>id</key>
                <string>4488</string>
                <key>Asset</key>
                <dict>
                    <key>value</key>
                    <string>3529</string>
                </dict>
            </dict>
            <dict>
                <key>id</key>
                <string>4490</string>
                <key>Asset</key>
                <dict>
                    <key>value</key>
                    <string>3529</string>
                </dict>
            </dict>
            <dict>
                <key>id</key>
                <string>4492</string>
                <key>Asset</key>
                <dict>
                    <key>value</key>
                    <string>3529</string>
                </dict>
            </dict>
            <dict>
                <key>id</key>
                <string>4494</string>
                <key>Asset</key>
                <dict>
                    <key>value</key>
                    <string>3529</string>
                </dict>
            </dict>
            <dict>
                <key>id</key>
                <string>4722</string>
                <key>Asset</key>
                <dict>
                    <key>value</key>
                    <string>2220</string>
                </dict>
            </dict>
            <dict>
                <key>id</key>
                <string>4724</string>
                <key>Asset</key>
                <dict>
                    <key>value</key>
                    <string>2220</string>
                </dict>
            </dict>
            <dict>
                <key>id</key>
                <string>4743</string>
                <key>Asset</key>
                <dict>
                    <key>value</key>
                    <string>2220</string>
                </dict>
            </dict>
            <dict>
                <key>id</key>
                <string>4749</string>
                <key>Asset</key>
                <dict>
                    <key>value</key>
                    <string>2220</string>
                </dict>
            </dict>
            <dict>
                <key>id</key>
                <string>4751</string>
                <key>Asset</key>
                <dict>
                    <key>value</key>
                    <string>2220</string>
                </dict>
            </dict>
            <dict>
                <key>id</key>
                <string>4753</string>
                <key>Asset</key>
                <dict>
                    <key>value</key>
                    <string>2220</string>
                </dict>
            </dict>
        </array>
    </dict>
</plist>
