<?xml version="1.0" encoding="UTF-8"?>
<!DOCTYPE plist PUBLIC "-//Apple//DTD PLIST 1.0//EN" "http://www.apple.com/DTDs/PropertyList-1.0.dtd"/>

<plist version="1.0">
    <dict>
        <key>ROOT</key>
        <array>
            <dict>
                <key>id</key>
                <string>103</string>
                <key>children</key>
                <array>
                    <string>217</string>
                    <string>429</string>
                    <string>515</string>
                    <string>605</string>
                    <string>610</string>
                    <string>641</string>
                </array>
                <key>childLinkers</key>
                <array/>
            </dict>
            <dict>
                <key>id</key>
                <string>1395</string>
                <key>children</key>
                <array>
                    <string>1677</string>
                    <string>1736</string>
                    <string>2306</string>
                    <string>2308</string>
                    <string>2310</string>
                    <string>2312</string>
                    <string>2314</string>
                    <string>2316</string>
                    <string>2318</string>
                    <string>2320</string>
                    <string>4382</string>
                    <string>4396</string>
                    <string>4398</string>
                    <string>4400</string>
                    <string>4402</string>
                    <string>4404</string>
                    <string>4406</string>
                    <string>4408</string>
                    <string>4410</string>
                </array>
                <key>childLinkers</key>
                <array/>
            </dict>
            <dict>
                <key>id</key>
                <string>1407</string>
                <key>children</key>
                <array>
                    <string>1919</string>
                    <string>1921</string>
                    <string>1923</string>
                    <string>1925</string>
                    <string>1927</string>
                    <string>1929</string>
                    <string>1933</string>
                    <string>1935</string>
                    <string>1964</string>
                    <string>1966</string>
                    <string>1968</string>
                    <string>1971</string>
                    <string>1973</string>
                    <string>2013</string>
                    <string>2037</string>
                    <string>2039</string>
                    <string>2052</string>
                    <string>2054</string>
                    <string>2056</string>
                    <string>2117</string>
                    <string>2140</string>
                    <string>2453</string>
                    <string>2455</string>
                    <string>2457</string>
                    <string>2459</string>
                    <string>2461</string>
                    <string>2747</string>
                    <string>2749</string>
                </array>
                <key>childLinkers</key>
                <array/>
            </dict>
            <dict>
                <key>id</key>
                <string>2151</string>
                <key>children</key>
                <array>
                    <string>2154</string>
                    <string>2156</string>
                    <string>2158</string>
                    <string>2160</string>
                    <string>2162</string>
                    <string>2164</string>
                    <string>2168</string>
                    <string>2170</string>
                    <string>2175</string>
                    <string>2228</string>
                    <string>2237</string>
                    <string>2241</string>
                    <string>2716</string>
                    <string>2718</string>
                    <string>2720</string>
                    <string>2722</string>
                    <string>2724</string>
                    <string>3079</string>
                    <string>3082</string>
                    <string>3096</string>
                    <string>3098</string>
                    <string>3100</string>
                    <string>3102</string>
                </array>
                <key>childLinkers</key>
                <array/>
            </dict>
            <dict>
                <key>id</key>
                <string>2750</string>
                <key>children</key>
                <array>
                    <string>2753</string>
                    <string>2755</string>
                    <string>2757</string>
                    <string>2767</string>
                    <string>2781</string>
                    <string>2785</string>
                    <string>2799</string>
                    <string>2808</string>
                    <string>2812</string>
                    <string>2860</string>
                    <string>2862</string>
                    <string>2895</string>
                    <string>2908</string>
                    <string>2956</string>
                    <string>2961</string>
                    <string>2963</string>
                    <string>2965</string>
                    <string>2967</string>
                    <string>2969</string>
                    <string>2981</string>
                    <string>3001</string>
                    <string>3004</string>
                </array>
                <key>childLinkers</key>
                <array/>
            </dict>
            <dict>
                <key>id</key>
                <string>3161</string>
                <key>children</key>
                <array>
                    <string>3164</string>
                    <string>3166</string>
                    <string>3168</string>
                    <string>3170</string>
                    <string>3172</string>
                    <string>3174</string>
                    <string>3176</string>
                    <string>3178</string>
                    <string>3180</string>
                    <string>3191</string>
                    <string>3194</string>
                    <string>3221</string>
                    <string>3233</string>
                    <string>3235</string>
                    <string>3237</string>
                    <string>3239</string>
                    <string>3241</string>
                    <string>3243</string>
                    <string>3256</string>
                </array>
                <key>childLinkers</key>
                <array/>
            </dict>
            <dict>
                <key>id</key>
                <string>1249</string>
                <key>children</key>
                <array>
                    <string>1251</string>
                </array>
                <key>childLinkers</key>
                <array/>
            </dict>
            <dict>
                <key>id</key>
                <string>3302</string>
                <key>children</key>
                <array>
                    <string>3305</string>
                    <string>3307</string>
                    <string>3309</string>
                    <string>3311</string>
                    <string>3313</string>
                    <string>3315</string>
                    <string>3317</string>
                    <string>3319</string>
                    <string>3324</string>
                    <string>3328</string>
                    <string>3332</string>
                    <string>3379</string>
                    <string>3428</string>
                    <string>3431</string>
                    <string>3434</string>
                    <string>3436</string>
                    <string>3438</string>
                    <string>3440</string>
                    <string>3442</string>
                    <string>3444</string>
                    <string>3446</string>
                    <string>3448</string>
                    <string>3450</string>
                </array>
                <key>childLinkers</key>
                <array>
                    <string>3381</string>
                </array>
            </dict>
            <dict>
                <key>id</key>
                <string>3526</string>
                <key>children</key>
                <array>
                    <string>3537</string>
                    <string>3569</string>
                    <string>3571</string>
                    <string>3573</string>
                    <string>3575</string>
                    <string>3577</string>
                    <string>3579</string>
                    <string>3581</string>
                    <string>3583</string>
                    <string>3585</string>
                    <string>3596</string>
                    <string>3598</string>
                    <string>3600</string>
                    <string>3602</string>
                    <string>3624</string>
                    <string>3626</string>
                    <string>3644</string>
                    <string>3646</string>
                    <string>3648</string>
                    <string>3650</string>
                    <string>3661</string>
                    <string>3663</string>
                    <string>3665</string>
                    <string>3690</string>
                    <string>3692</string>
                    <string>3717</string>
                    <string>3719</string>
                    <string>3721</string>
                    <string>3723</string>
                    <string>3727</string>
                    <string>3729</string>
                    <string>3731</string>
                    <string>3741</string>
                    <string>3743</string>
                    <string>3745</string>
                    <string>3747</string>
                    <string>3753</string>
                    <string>3758</string>
                    <string>3762</string>
                    <string>3766</string>
                    <string>3770</string>
                    <string>3800</string>
                    <string>3805</string>
                    <string>3807</string>
                    <string>3809</string>
                    <string>3811</string>
                    <string>3813</string>
                    <string>3815</string>
                    <string>3817</string>
                    <string>3819</string>
                    <string>3821</string>
                    <string>3859</string>
                    <string>3861</string>
                    <string>3863</string>
                    <string>3865</string>
                    <string>3867</string>
                    <string>3869</string>
                    <string>3871</string>
                    <string>3873</string>
                    <string>3879</string>
                </array>
                <key>childLinkers</key>
                <array/>
            </dict>
            <dict>
                <key>id</key>
                <string>3907</string>
                <key>children</key>
                <array>
                    <string>3914</string>
                    <string>3916</string>
                    <string>3918</string>
                    <string>3920</string>
                    <string>3935</string>
                    <string>3944</string>
                    <string>4072</string>
                    <string>4074</string>
                    <string>4076</string>
                    <string>4078</string>
                    <string>4080</string>
                    <string>4082</string>
                    <string>4084</string>
                    <string>4131</string>
                    <string>4240</string>
                    <string>4247</string>
                    <string>4278</string>
                </array>
                <key>childLinkers</key>
                <array/>
            </dict>
            <dict>
                <key>id</key>
                <string>4338</string>
                <key>children</key>
                <array>
                    <string>4478</string>
                    <string>4480</string>
                    <string>4482</string>
                    <string>4484</string>
                    <string>4486</string>
                    <string>4488</string>
                    <string>4490</string>
                    <string>4492</string>
                    <string>4494</string>
                    <string>4722</string>
                    <string>4724</string>
                    <string>4743</string>
                    <string>4749</string>
                    <string>4751</string>
                    <string>4753</string>
                    <string>4760</string>
                    <string>4762</string>
                    <string>4764</string>
                    <string>4766</string>
                    <string>4768</string>
                    <string>4770</string>
                </array>
                <key>childLinkers</key>
                <array/>
            </dict>
            <dict>
                <key>id</key>
                <string>1629</string>
                <key>children</key>
                <array>
                    <string>1634</string>
                </array>
                <key>childLinkers</key>
                <array/>
            </dict>
            <dict>
                <key>id</key>
                <string>1636</string>
                <key>children</key>
                <array/>
                <key>childLinkers</key>
                <array/>
            </dict>
            <dict>
                <key>id</key>
                <string>104</string>
                <key>children</key>
                <array>
                    <string>394</string>
                    <string>426</string>
                    <string>463</string>
                    <string>475</string>
                    <string>484</string>
                    <string>499</string>
                    <string>582</string>
                    <string>594</string>
                    <string>596</string>
                    <string>755</string>
                    <string>935</string>
                    <string>951</string>
                </array>
                <key>childLinkers</key>
                <array/>
            </dict>
            <dict>
                <key>id</key>
                <string>938</string>
                <key>children</key>
                <array>
                    <string>1113</string>
                </array>
                <key>childLinkers</key>
                <array/>
            </dict>
            <dict>
                <key>id</key>
                <string>939</string>
                <key>children</key>
                <array>
                    <string>1017</string>
                    <string>1035</string>
                    <string>1047</string>
                    <string>1133</string>
                    <string>1154</string>
                </array>
                <key>childLinkers</key>
                <array/>
            </dict>
        </array>
    </dict>
</plist>
