<?xml version="1.0" encoding="UTF-8"?>
<!DOCTYPE plist PUBLIC "-//Apple//DTD PLIST 1.0//EN" "http://www.apple.com/DTDs/PropertyList-1.0.dtd"/>

<plist version="1.0">
    <dict>
        <key>ROOT</key>
        <array>
            <dict>
                <key>id</key>
                <string>113</string>
                <key>children</key>
                <array>
                    <string>114</string>
                </array>
            </dict>
            <dict>
                <key>id</key>
                <string>130</string>
                <key>children</key>
                <array>
                    <string>447</string>
                </array>
            </dict>
            <dict>
                <key>id</key>
                <string>154</string>
                <key>children</key>
                <array>
                    <string>155</string>
                </array>
            </dict>
            <dict>
                <key>id</key>
                <string>345</string>
                <key>children</key>
                <array>
                    <string>346</string>
                </array>
            </dict>
            <dict>
                <key>id</key>
                <string>403</string>
                <key>children</key>
                <array/>
            </dict>
            <dict>
                <key>id</key>
                <string>812</string>
                <key>children</key>
                <array/>
            </dict>
            <dict>
                <key>id</key>
                <string>838</string>
                <key>children</key>
                <array/>
            </dict>
            <dict>
                <key>id</key>
                <string>849</string>
                <key>children</key>
                <array/>
            </dict>
            <dict>
                <key>id</key>
                <string>865</string>
                <key>children</key>
                <array/>
            </dict>
            <dict>
                <key>id</key>
                <string>979</string>
                <key>children</key>
                <array>
                    <string>984</string>
                </array>
            </dict>
            <dict>
                <key>id</key>
                <string>1167</string>
                <key>children</key>
                <array/>
            </dict>
            <dict>
                <key>id</key>
                <string>1174</string>
                <key>children</key>
                <array/>
            </dict>
            <dict>
                <key>id</key>
                <string>1671</string>
                <key>children</key>
                <array>
                    <string>1672</string>
                </array>
            </dict>
            <dict>
                <key>id</key>
                <string>1707</string>
                <key>children</key>
                <array>
                    <string>1708</string>
                </array>
            </dict>
            <dict>
                <key>id</key>
                <string>1729</string>
                <key>children</key>
                <array>
                    <string>1730</string>
                </array>
            </dict>
            <dict>
                <key>id</key>
                <string>1742</string>
                <key>children</key>
                <array>
                    <string>1905</string>
                </array>
            </dict>
            <dict>
                <key>id</key>
                <string>1756</string>
                <key>children</key>
                <array>
                    <string>1757</string>
                </array>
            </dict>
            <dict>
                <key>id</key>
                <string>1765</string>
                <key>children</key>
                <array>
                    <string>2661</string>
                </array>
            </dict>
            <dict>
                <key>id</key>
                <string>1770</string>
                <key>children</key>
                <array>
                    <string>1771</string>
                </array>
            </dict>
            <dict>
                <key>id</key>
                <string>1779</string>
                <key>children</key>
                <array>
                    <string>2704</string>
                </array>
            </dict>
            <dict>
                <key>id</key>
                <string>1794</string>
                <key>children</key>
                <array>
                    <string>1795</string>
                </array>
            </dict>
            <dict>
                <key>id</key>
                <string>1803</string>
                <key>children</key>
                <array>
                    <string>2683</string>
                </array>
            </dict>
            <dict>
                <key>id</key>
                <string>1817</string>
                <key>children</key>
                <array>
                    <string>1818</string>
                </array>
            </dict>
            <dict>
                <key>id</key>
                <string>1826</string>
                <key>children</key>
                <array>
                    <string>1876</string>
                </array>
            </dict>
            <dict>
                <key>id</key>
                <string>1840</string>
                <key>children</key>
                <array>
                    <string>1841</string>
                </array>
            </dict>
            <dict>
                <key>id</key>
                <string>1911</string>
                <key>children</key>
                <array>
                    <string>1912</string>
                </array>
            </dict>
            <dict>
                <key>id</key>
                <string>1939</string>
                <key>children</key>
                <array>
                    <string>1940</string>
                </array>
            </dict>
            <dict>
                <key>id</key>
                <string>1948</string>
                <key>children</key>
                <array>
                    <string>1949</string>
                </array>
            </dict>
            <dict>
                <key>id</key>
                <string>1958</string>
                <key>children</key>
                <array>
                    <string>1959</string>
                </array>
            </dict>
            <dict>
                <key>id</key>
                <string>1977</string>
                <key>children</key>
                <array>
                    <string>1978</string>
                </array>
            </dict>
            <dict>
                <key>id</key>
                <string>1986</string>
                <key>children</key>
                <array>
                    <string>1987</string>
                </array>
            </dict>
            <dict>
                <key>id</key>
                <string>1995</string>
                <key>children</key>
                <array>
                    <string>1996</string>
                </array>
            </dict>
            <dict>
                <key>id</key>
                <string>2005</string>
                <key>children</key>
                <array>
                    <string>2006</string>
                </array>
            </dict>
            <dict>
                <key>id</key>
                <string>2025</string>
                <key>children</key>
                <array>
                    <string>2026</string>
                </array>
            </dict>
            <dict>
                <key>id</key>
                <string>2044</string>
                <key>children</key>
                <array>
                    <string>2045</string>
                </array>
            </dict>
            <dict>
                <key>id</key>
                <string>2064</string>
                <key>children</key>
                <array>
                    <string>2065</string>
                </array>
            </dict>
            <dict>
                <key>id</key>
                <string>2073</string>
                <key>children</key>
                <array>
                    <string>2074</string>
                </array>
            </dict>
            <dict>
                <key>id</key>
                <string>2082</string>
                <key>children</key>
                <array>
                    <string>2083</string>
                </array>
            </dict>
            <dict>
                <key>id</key>
                <string>2091</string>
                <key>children</key>
                <array>
                    <string>2092</string>
                </array>
            </dict>
            <dict>
                <key>id</key>
                <string>2100</string>
                <key>children</key>
                <array>
                    <string>2101</string>
                </array>
            </dict>
            <dict>
                <key>id</key>
                <string>2109</string>
                <key>children</key>
                <array>
                    <string>2110</string>
                </array>
            </dict>
            <dict>
                <key>id</key>
                <string>2121</string>
                <key>children</key>
                <array>
                    <string>2122</string>
                </array>
            </dict>
            <dict>
                <key>id</key>
                <string>2130</string>
                <key>children</key>
                <array>
                    <string>2131</string>
                </array>
            </dict>
            <dict>
                <key>id</key>
                <string>2145</string>
                <key>children</key>
                <array>
                    <string>2146</string>
                </array>
            </dict>
            <dict>
                <key>id</key>
                <string>2180</string>
                <key>children</key>
                <array>
                    <string>2181</string>
                </array>
            </dict>
            <dict>
                <key>id</key>
                <string>2222</string>
                <key>children</key>
                <array>
                    <string>2223</string>
                </array>
            </dict>
            <dict>
                <key>id</key>
                <string>2246</string>
                <key>children</key>
                <array>
                    <string>2247</string>
                </array>
            </dict>
            <dict>
                <key>id</key>
                <string>2255</string>
                <key>children</key>
                <array>
                    <string>2256</string>
                </array>
            </dict>
            <dict>
                <key>id</key>
                <string>2264</string>
                <key>children</key>
                <array>
                    <string>2265</string>
                </array>
            </dict>
            <dict>
                <key>id</key>
                <string>2273</string>
                <key>children</key>
                <array>
                    <string>2274</string>
                </array>
            </dict>
            <dict>
                <key>id</key>
                <string>2282</string>
                <key>children</key>
                <array>
                    <string>2283</string>
                </array>
            </dict>
            <dict>
                <key>id</key>
                <string>2291</string>
                <key>children</key>
                <array>
                    <string>2292</string>
                </array>
            </dict>
            <dict>
                <key>id</key>
                <string>2324</string>
                <key>children</key>
                <array>
                    <string>2325</string>
                </array>
            </dict>
            <dict>
                <key>id</key>
                <string>2333</string>
                <key>children</key>
                <array>
                    <string>2334</string>
                </array>
            </dict>
            <dict>
                <key>id</key>
                <string>2342</string>
                <key>children</key>
                <array>
                    <string>2343</string>
                </array>
            </dict>
            <dict>
                <key>id</key>
                <string>2351</string>
                <key>children</key>
                <array>
                    <string>2352</string>
                </array>
            </dict>
            <dict>
                <key>id</key>
                <string>2360</string>
                <key>children</key>
                <array>
                    <string>2361</string>
                </array>
            </dict>
            <dict>
                <key>id</key>
                <string>2369</string>
                <key>children</key>
                <array>
                    <string>2370</string>
                </array>
            </dict>
            <dict>
                <key>id</key>
                <string>2378</string>
                <key>children</key>
                <array>
                    <string>2379</string>
                </array>
            </dict>
            <dict>
                <key>id</key>
                <string>2387</string>
                <key>children</key>
                <array>
                    <string>2388</string>
                </array>
            </dict>
            <dict>
                <key>id</key>
                <string>2396</string>
                <key>children</key>
                <array>
                    <string>2397</string>
                </array>
            </dict>
            <dict>
                <key>id</key>
                <string>2405</string>
                <key>children</key>
                <array>
                    <string>2406</string>
                </array>
            </dict>
            <dict>
                <key>id</key>
                <string>2414</string>
                <key>children</key>
                <array>
                    <string>2415</string>
                </array>
            </dict>
            <dict>
                <key>id</key>
                <string>2423</string>
                <key>children</key>
                <array>
                    <string>2424</string>
                </array>
            </dict>
            <dict>
                <key>id</key>
                <string>2432</string>
                <key>children</key>
                <array>
                    <string>2433</string>
                </array>
            </dict>
            <dict>
                <key>id</key>
                <string>2447</string>
                <key>children</key>
                <array>
                    <string>2448</string>
                </array>
            </dict>
            <dict>
                <key>id</key>
                <string>2471</string>
                <key>children</key>
                <array>
                    <string>2472</string>
                </array>
            </dict>
            <dict>
                <key>id</key>
                <string>2480</string>
                <key>children</key>
                <array>
                    <string>2481</string>
                </array>
            </dict>
            <dict>
                <key>id</key>
                <string>2489</string>
                <key>children</key>
                <array>
                    <string>2490</string>
                </array>
            </dict>
            <dict>
                <key>id</key>
                <string>2498</string>
                <key>children</key>
                <array>
                    <string>2499</string>
                </array>
            </dict>
            <dict>
                <key>id</key>
                <string>2507</string>
                <key>children</key>
                <array>
                    <string>2508</string>
                </array>
            </dict>
            <dict>
                <key>id</key>
                <string>2516</string>
                <key>children</key>
                <array>
                    <string>2517</string>
                </array>
            </dict>
            <dict>
                <key>id</key>
                <string>2525</string>
                <key>children</key>
                <array>
                    <string>2526</string>
                </array>
            </dict>
            <dict>
                <key>id</key>
                <string>2655</string>
                <key>children</key>
                <array>
                    <string>2656</string>
                </array>
            </dict>
            <dict>
                <key>id</key>
                <string>2677</string>
                <key>children</key>
                <array>
                    <string>2678</string>
                </array>
            </dict>
            <dict>
                <key>id</key>
                <string>2698</string>
                <key>children</key>
                <array>
                    <string>2699</string>
                </array>
            </dict>
            <dict>
                <key>id</key>
                <string>2708</string>
                <key>children</key>
                <array>
                    <string>2709</string>
                </array>
            </dict>
            <dict>
                <key>id</key>
                <string>2731</string>
                <key>children</key>
                <array>
                    <string>2732</string>
                </array>
            </dict>
            <dict>
                <key>id</key>
                <string>2740</string>
                <key>children</key>
                <array>
                    <string>2741</string>
                </array>
            </dict>
            <dict>
                <key>id</key>
                <string>2775</string>
                <key>children</key>
                <array>
                    <string>2776</string>
                </array>
            </dict>
            <dict>
                <key>id</key>
                <string>2790</string>
                <key>children</key>
                <array>
                    <string>2791</string>
                </array>
            </dict>
            <dict>
                <key>id</key>
                <string>2817</string>
                <key>children</key>
                <array>
                    <string>2818</string>
                </array>
            </dict>
            <dict>
                <key>id</key>
                <string>2826</string>
                <key>children</key>
                <array>
                    <string>2827</string>
                </array>
            </dict>
            <dict>
                <key>id</key>
                <string>2835</string>
                <key>children</key>
                <array>
                    <string>2836</string>
                </array>
            </dict>
            <dict>
                <key>id</key>
                <string>2844</string>
                <key>children</key>
                <array>
                    <string>2845</string>
                </array>
            </dict>
            <dict>
                <key>id</key>
                <string>2853</string>
                <key>children</key>
                <array>
                    <string>2854</string>
                </array>
            </dict>
            <dict>
                <key>id</key>
                <string>2866</string>
                <key>children</key>
                <array>
                    <string>2867</string>
                </array>
            </dict>
            <dict>
                <key>id</key>
                <string>2875</string>
                <key>children</key>
                <array>
                    <string>2876</string>
                </array>
            </dict>
            <dict>
                <key>id</key>
                <string>2885</string>
                <key>children</key>
                <array>
                    <string>2886</string>
                </array>
            </dict>
            <dict>
                <key>id</key>
                <string>2900</string>
                <key>children</key>
                <array>
                    <string>2901</string>
                </array>
            </dict>
            <dict>
                <key>id</key>
                <string>2912</string>
                <key>children</key>
                <array>
                    <string>2913</string>
                </array>
            </dict>
            <dict>
                <key>id</key>
                <string>2921</string>
                <key>children</key>
                <array>
                    <string>2922</string>
                </array>
            </dict>
            <dict>
                <key>id</key>
                <string>2930</string>
                <key>children</key>
                <array>
                    <string>2931</string>
                </array>
            </dict>
            <dict>
                <key>id</key>
                <string>2939</string>
                <key>children</key>
                <array>
                    <string>2940</string>
                </array>
            </dict>
            <dict>
                <key>id</key>
                <string>2948</string>
                <key>children</key>
                <array>
                    <string>2949</string>
                </array>
            </dict>
            <dict>
                <key>id</key>
                <string>2973</string>
                <key>children</key>
                <array>
                    <string>2974</string>
                </array>
            </dict>
            <dict>
                <key>id</key>
                <string>2985</string>
                <key>children</key>
                <array>
                    <string>2986</string>
                </array>
            </dict>
            <dict>
                <key>id</key>
                <string>2995</string>
                <key>children</key>
                <array>
                    <string>2996</string>
                </array>
            </dict>
            <dict>
                <key>id</key>
                <string>3008</string>
                <key>children</key>
                <array>
                    <string>3009</string>
                </array>
            </dict>
            <dict>
                <key>id</key>
                <string>3017</string>
                <key>children</key>
                <array>
                    <string>3018</string>
                </array>
            </dict>
            <dict>
                <key>id</key>
                <string>3026</string>
                <key>children</key>
                <array>
                    <string>3027</string>
                </array>
            </dict>
            <dict>
                <key>id</key>
                <string>3035</string>
                <key>children</key>
                <array>
                    <string>3036</string>
                </array>
            </dict>
            <dict>
                <key>id</key>
                <string>3044</string>
                <key>children</key>
                <array>
                    <string>3045</string>
                </array>
            </dict>
            <dict>
                <key>id</key>
                <string>3053</string>
                <key>children</key>
                <array>
                    <string>3054</string>
                </array>
            </dict>
            <dict>
                <key>id</key>
                <string>3062</string>
                <key>children</key>
                <array>
                    <string>3063</string>
                </array>
            </dict>
            <dict>
                <key>id</key>
                <string>3073</string>
                <key>children</key>
                <array>
                    <string>3074</string>
                </array>
            </dict>
            <dict>
                <key>id</key>
                <string>3106</string>
                <key>children</key>
                <array>
                    <string>3107</string>
                </array>
            </dict>
            <dict>
                <key>id</key>
                <string>3115</string>
                <key>children</key>
                <array>
                    <string>3116</string>
                </array>
            </dict>
            <dict>
                <key>id</key>
                <string>3124</string>
                <key>children</key>
                <array>
                    <string>3125</string>
                </array>
            </dict>
            <dict>
                <key>id</key>
                <string>3185</string>
                <key>children</key>
                <array>
                    <string>3186</string>
                </array>
            </dict>
            <dict>
                <key>id</key>
                <string>3198</string>
                <key>children</key>
                <array>
                    <string>3199</string>
                </array>
            </dict>
            <dict>
                <key>id</key>
                <string>3207</string>
                <key>children</key>
                <array>
                    <string>3208</string>
                </array>
            </dict>
            <dict>
                <key>id</key>
                <string>3225</string>
                <key>children</key>
                <array>
                    <string>3226</string>
                </array>
            </dict>
            <dict>
                <key>id</key>
                <string>3247</string>
                <key>children</key>
                <array>
                    <string>3248</string>
                </array>
            </dict>
            <dict>
                <key>id</key>
                <string>3260</string>
                <key>children</key>
                <array>
                    <string>3261</string>
                </array>
            </dict>
            <dict>
                <key>id</key>
                <string>3269</string>
                <key>children</key>
                <array>
                    <string>3270</string>
                </array>
            </dict>
            <dict>
                <key>id</key>
                <string>3278</string>
                <key>children</key>
                <array>
                    <string>3279</string>
                </array>
            </dict>
            <dict>
                <key>id</key>
                <string>3287</string>
                <key>children</key>
                <array>
                    <string>3288</string>
                </array>
            </dict>
            <dict>
                <key>id</key>
                <string>3296</string>
                <key>children</key>
                <array>
                    <string>3297</string>
                </array>
            </dict>
            <dict>
                <key>id</key>
                <string>3336</string>
                <key>children</key>
                <array>
                    <string>3337</string>
                </array>
            </dict>
            <dict>
                <key>id</key>
                <string>3345</string>
                <key>children</key>
                <array>
                    <string>3346</string>
                </array>
            </dict>
            <dict>
                <key>id</key>
                <string>3354</string>
                <key>children</key>
                <array>
                    <string>3355</string>
                </array>
            </dict>
            <dict>
                <key>id</key>
                <string>3363</string>
                <key>children</key>
                <array>
                    <string>3364</string>
                </array>
            </dict>
            <dict>
                <key>id</key>
                <string>3373</string>
                <key>children</key>
                <array>
                    <string>3374</string>
                </array>
            </dict>
            <dict>
                <key>id</key>
                <string>3385</string>
                <key>children</key>
                <array>
                    <string>3386</string>
                </array>
            </dict>
            <dict>
                <key>id</key>
                <string>3394</string>
                <key>children</key>
                <array>
                    <string>3395</string>
                </array>
            </dict>
            <dict>
                <key>id</key>
                <string>3403</string>
                <key>children</key>
                <array>
                    <string>3404</string>
                </array>
            </dict>
            <dict>
                <key>id</key>
                <string>3412</string>
                <key>children</key>
                <array>
                    <string>3413</string>
                </array>
            </dict>
            <dict>
                <key>id</key>
                <string>3421</string>
                <key>children</key>
                <array>
                    <string>3422</string>
                </array>
            </dict>
            <dict>
                <key>id</key>
                <string>3454</string>
                <key>children</key>
                <array>
                    <string>3455</string>
                </array>
            </dict>
            <dict>
                <key>id</key>
                <string>3463</string>
                <key>children</key>
                <array>
                    <string>3464</string>
                </array>
            </dict>
            <dict>
                <key>id</key>
                <string>3531</string>
                <key>children</key>
                <array>
                    <string>3532</string>
                </array>
            </dict>
            <dict>
                <key>id</key>
                <string>3590</string>
                <key>children</key>
                <array>
                    <string>3591</string>
                </array>
            </dict>
            <dict>
                <key>id</key>
                <string>3655</string>
                <key>children</key>
                <array>
                    <string>3656</string>
                </array>
            </dict>
            <dict>
                <key>id</key>
                <string>3683</string>
                <key>children</key>
                <array>
                    <string>3684</string>
                </array>
            </dict>
            <dict>
                <key>id</key>
                <string>3775</string>
                <key>children</key>
                <array>
                    <string>3776</string>
                </array>
            </dict>
            <dict>
                <key>id</key>
                <string>3784</string>
                <key>children</key>
                <array>
                    <string>3785</string>
                </array>
            </dict>
            <dict>
                <key>id</key>
                <string>3793</string>
                <key>children</key>
                <array>
                    <string>3794</string>
                </array>
            </dict>
            <dict>
                <key>id</key>
                <string>3833</string>
                <key>children</key>
                <array>
                    <string>3834</string>
                </array>
            </dict>
            <dict>
                <key>id</key>
                <string>3842</string>
                <key>children</key>
                <array>
                    <string>3843</string>
                </array>
            </dict>
            <dict>
                <key>id</key>
                <string>3851</string>
                <key>children</key>
                <array>
                    <string>3852</string>
                </array>
            </dict>
            <dict>
                <key>id</key>
                <string>3883</string>
                <key>children</key>
                <array>
                    <string>3884</string>
                </array>
            </dict>
            <dict>
                <key>id</key>
                <string>3892</string>
                <key>children</key>
                <array>
                    <string>3893</string>
                </array>
            </dict>
            <dict>
                <key>id</key>
                <string>3901</string>
                <key>children</key>
                <array>
                    <string>3902</string>
                </array>
            </dict>
            <dict>
                <key>id</key>
                <string>4017</string>
                <key>children</key>
                <array>
                    <string>4018</string>
                </array>
            </dict>
            <dict>
                <key>id</key>
                <string>4088</string>
                <key>children</key>
                <array>
                    <string>4089</string>
                </array>
            </dict>
            <dict>
                <key>id</key>
                <string>4097</string>
                <key>children</key>
                <array>
                    <string>4098</string>
                </array>
            </dict>
            <dict>
                <key>id</key>
                <string>4106</string>
                <key>children</key>
                <array>
                    <string>4107</string>
                </array>
            </dict>
            <dict>
                <key>id</key>
                <string>4115</string>
                <key>children</key>
                <array>
                    <string>4116</string>
                </array>
            </dict>
            <dict>
                <key>id</key>
                <string>4124</string>
                <key>children</key>
                <array>
                    <string>4125</string>
                </array>
            </dict>
            <dict>
                <key>id</key>
                <string>4185</string>
                <key>children</key>
                <array>
                    <string>4186</string>
                </array>
            </dict>
            <dict>
                <key>id</key>
                <string>4194</string>
                <key>children</key>
                <array>
                    <string>4195</string>
                </array>
            </dict>
            <dict>
                <key>id</key>
                <string>4203</string>
                <key>children</key>
                <array>
                    <string>4204</string>
                </array>
            </dict>
            <dict>
                <key>id</key>
                <string>4212</string>
                <key>children</key>
                <array>
                    <string>4213</string>
                </array>
            </dict>
            <dict>
                <key>id</key>
                <string>4221</string>
                <key>children</key>
                <array>
                    <string>4222</string>
                </array>
            </dict>
            <dict>
                <key>id</key>
                <string>4230</string>
                <key>children</key>
                <array>
                    <string>4231</string>
                </array>
            </dict>
            <dict>
                <key>id</key>
                <string>4251</string>
                <key>children</key>
                <array>
                    <string>4252</string>
                </array>
            </dict>
            <dict>
                <key>id</key>
                <string>4261</string>
                <key>children</key>
                <array>
                    <string>4262</string>
                </array>
            </dict>
            <dict>
                <key>id</key>
                <string>4270</string>
                <key>children</key>
                <array>
                    <string>4271</string>
                </array>
            </dict>
            <dict>
                <key>id</key>
                <string>4282</string>
                <key>children</key>
                <array>
                    <string>4283</string>
                </array>
            </dict>
            <dict>
                <key>id</key>
                <string>4417</string>
                <key>children</key>
                <array>
                    <string>4418</string>
                </array>
            </dict>
            <dict>
                <key>id</key>
                <string>4558</string>
                <key>children</key>
                <array>
                    <string>4559</string>
                </array>
            </dict>
            <dict>
                <key>id</key>
                <string>4573</string>
                <key>children</key>
                <array>
                    <string>4574</string>
                </array>
            </dict>
            <dict>
                <key>id</key>
                <string>4582</string>
                <key>children</key>
                <array>
                    <string>4583</string>
                </array>
            </dict>
            <dict>
                <key>id</key>
                <string>4696</string>
                <key>children</key>
                <array>
                    <string>4697</string>
                </array>
            </dict>
            <dict>
                <key>id</key>
                <string>4705</string>
                <key>children</key>
                <array>
                    <string>4706</string>
                </array>
            </dict>
            <dict>
                <key>id</key>
                <string>4774</string>
                <key>children</key>
                <array>
                    <string>4775</string>
                </array>
            </dict>
            <dict>
                <key>id</key>
                <string>4783</string>
                <key>children</key>
                <array>
                    <string>4784</string>
                </array>
            </dict>
            <dict>
                <key>id</key>
                <string>4792</string>
                <key>children</key>
                <array>
                    <string>4793</string>
                </array>
            </dict>
            <dict>
                <key>id</key>
                <string>4801</string>
                <key>children</key>
                <array>
                    <string>4802</string>
                </array>
            </dict>
            <dict>
                <key>id</key>
                <string>4812</string>
                <key>children</key>
                <array>
                    <string>4813</string>
                </array>
            </dict>
            <dict>
                <key>id</key>
                <string>4822</string>
                <key>children</key>
                <array>
                    <string>4823</string>
                </array>
            </dict>
            <dict>
                <key>id</key>
                <string>4831</string>
                <key>children</key>
                <array>
                    <string>4832</string>
                </array>
            </dict>
            <dict>
                <key>id</key>
                <string>4881</string>
                <key>children</key>
                <array>
                    <string>4882</string>
                </array>
            </dict>
            <dict>
                <key>id</key>
                <string>4890</string>
                <key>children</key>
                <array>
                    <string>4891</string>
                </array>
            </dict>
        </array>
    </dict>
</plist>
