<?xml version="1.0" encoding="UTF-8"?>
<!DOCTYPE plist PUBLIC "-//Apple//DTD PLIST 1.0//EN" "http://www.apple.com/DTDs/PropertyList-1.0.dtd"/>

<plist version="1.0">
    <dict>
        <key>ROOT</key>
        <array>
            <dict>
                <key>id</key>
                <string>1382</string>
                <key>className</key>
                <string>PTModelObjectButton</string>
                <key>Name</key>
                <dict>
                    <key>value</key>
                    <string>Untitled</string>
                </dict>
                <key>Position</key>
                <dict>
                    <key>value</key>
                    <string>{285.560,245.769}</string>
                </dict>
                <key>Scale</key>
                <dict>
                    <key>value</key>
                    <string>{1.000,1.000}</string>
                </dict>
                <key>Hidden</key>
                <dict>
                    <key>visible</key>
                    <string>0</string>
                </dict>
                <key>Locked</key>
                <dict>
                    <key>visible</key>
                    <string>0</string>
                </dict>
                <key>Action</key>
                <dict>
                    <key>selectedStringValue</key>
                    <string>kNoAction</string>
                </dict>
                <key>Back To</key>
                <dict>
                    <key>visible</key>
                    <string>0</string>
                    <key>selectedStringValue</key>
                    <string>PTPScreenScene 2</string>
                </dict>
                <key>Back To World</key>
                <dict>
                    <key>visible</key>
                    <string>0</string>
                    <key>selectedStringValue</key>
                    <string></string>
                </dict>
                <key>Keyboard Key</key>
                <dict>
                    <key>value</key>
                    <string>-1</string>
                </dict>
                <key>Touch Emulation</key>
                <dict>
                    <key>visible</key>
                    <string>0</string>
                </dict>
                <key>zDepth</key>
                <string>1000</string>
            </dict>
            <dict>
                <key>id</key>
                <string>1568</string>
                <key>className</key>
                <string>PTModelObjectButton</string>
                <key>Name</key>
                <dict>
                    <key>value</key>
                    <string>Pause</string>
                </dict>
                <key>Position</key>
                <dict>
                    <key>value</key>
                    <string>{1056.000,560.000}</string>
                    <key>animationsX</key>
                    <array/>
                    <key>animationsY</key>
                    <array/>
                </dict>
                <key>Rotation</key>
                <dict>
                    <key>animations</key>
                    <array/>
                </dict>
                <key>Scale</key>
                <dict>
                    <key>value</key>
                    <string>{1.000,1.000}</string>
                    <key>animationsX</key>
                    <array/>
                    <key>animationsY</key>
                    <array/>
                </dict>
                <key>Hidden</key>
                <dict>
                    <key>visible</key>
                    <string>0</string>
                </dict>
                <key>Locked</key>
                <dict>
                    <key>visible</key>
                    <string>0</string>
                </dict>
                <key>Opacity</key>
                <dict>
                    <key>animations</key>
                    <array/>
                </dict>
                <key>Action</key>
                <dict>
                    <key>selectedStringValue</key>
                    <string>kPauseButton</string>
                </dict>
                <key>Back To</key>
                <dict>
                    <key>visible</key>
                    <string>0</string>
                    <key>selectedStringValue</key>
                    <string>PTPScreenMainMenuUI</string>
                </dict>
                <key>Back To World</key>
                <dict>
                    <key>visible</key>
                    <string>0</string>
                    <key>selectedStringValue</key>
                    <string></string>
                </dict>
                <key>Keyboard Key</key>
                <dict>
                    <key>value</key>
                    <string>-1</string>
                </dict>
                <key>Touch Emulation</key>
                <dict>
                    <key>visible</key>
                    <string>0</string>
                    <key>animations</key>
                    <array/>
                </dict>
                <key>zDepth</key>
                <string>2</string>
            </dict>
            <dict>
                <key>id</key>
                <string>1574</string>
                <key>className</key>
                <string>PTModelObjectButton</string>
                <key>Name</key>
                <dict>
                    <key>value</key>
                    <string>Start</string>
                </dict>
                <key>Position</key>
                <dict>
                    <key>value</key>
                    <string>{568.000,170.000}</string>
                </dict>
                <key>Scale</key>
                <dict>
                    <key>value</key>
                    <string>{1.000,1.000}</string>
                </dict>
                <key>Hidden</key>
                <dict>
                    <key>visible</key>
                    <string>0</string>
                </dict>
                <key>Locked</key>
                <dict>
                    <key>visible</key>
                    <string>0</string>
                </dict>
                <key>Action</key>
                <dict>
                    <key>selectedStringValue</key>
                    <string>kNoAction</string>
                </dict>
                <key>Back To</key>
                <dict>
                    <key>visible</key>
                    <string>0</string>
                    <key>selectedStringValue</key>
                    <string>PTPScreenMainMenuUI</string>
                </dict>
                <key>Back To World</key>
                <dict>
                    <key>visible</key>
                    <string>0</string>
                    <key>selectedStringValue</key>
                    <string></string>
                </dict>
                <key>Keyboard Key</key>
                <dict>
                    <key>value</key>
                    <string>-1</string>
                </dict>
                <key>Touch Emulation</key>
                <dict>
                    <key>visible</key>
                    <string>0</string>
                </dict>
                <key>zDepth</key>
                <string>0</string>
            </dict>
            <dict>
                <key>id</key>
                <string>1583</string>
                <key>className</key>
                <string>PTModelObjectButton</string>
                <key>Name</key>
                <dict>
                    <key>value</key>
                    <string>Start</string>
                </dict>
                <key>Position</key>
                <dict>
                    <key>value</key>
                    <string>{543.424,136.132}</string>
                    <key>animationsX</key>
                    <array/>
                    <key>animationsY</key>
                    <array/>
                </dict>
                <key>Rotation</key>
                <dict>
                    <key>animations</key>
                    <array/>
                </dict>
                <key>Scale</key>
                <dict>
                    <key>value</key>
                    <string>{2.081,1.692}</string>
                    <key>animationsX</key>
                    <array/>
                    <key>animationsY</key>
                    <array/>
                </dict>
                <key>Hidden</key>
                <dict>
                    <key>visible</key>
                    <string>0</string>
                </dict>
                <key>Locked</key>
                <dict>
                    <key>visible</key>
                    <string>0</string>
                    <key>value</key>
                    <string>1</string>
                </dict>
                <key>Opacity</key>
                <dict>
                    <key>value</key>
                    <string>0.600000</string>
                    <key>animations</key>
                    <array/>
                </dict>
                <key>Action</key>
                <dict>
                    <key>selectedStringValue</key>
                    <string>kNoAction</string>
                </dict>
                <key>Back To</key>
                <dict>
                    <key>visible</key>
                    <string>0</string>
                    <key>selectedStringValue</key>
                    <string></string>
                </dict>
                <key>Back To World</key>
                <dict>
                    <key>visible</key>
                    <string>0</string>
                    <key>selectedStringValue</key>
                    <string></string>
                </dict>
                <key>Keyboard Key</key>
                <dict>
                    <key>value</key>
                    <string>-1</string>
                </dict>
                <key>Touch Emulation</key>
                <dict>
                    <key>visible</key>
                    <string>0</string>
                    <key>animations</key>
                    <array/>
                </dict>
                <key>zDepth</key>
                <string>2</string>
            </dict>
            <dict>
                <key>id</key>
                <string>1587</string>
                <key>className</key>
                <string>PTModelObjectButton</string>
                <key>Name</key>
                <dict>
                    <key>value</key>
                    <string>Back</string>
                </dict>
                <key>Position</key>
                <dict>
                    <key>value</key>
                    <string>{568.000,320.000}</string>
                </dict>
                <key>Scale</key>
                <dict>
                    <key>value</key>
                    <string>{1.000,1.000}</string>
                </dict>
                <key>Hidden</key>
                <dict>
                    <key>visible</key>
                    <string>0</string>
                </dict>
                <key>Locked</key>
                <dict>
                    <key>visible</key>
                    <string>0</string>
                </dict>
                <key>Action</key>
                <dict>
                    <key>selectedStringValue</key>
                    <string>kBackButton</string>
                </dict>
                <key>Back To</key>
                <dict>
                    <key>visible</key>
                    <string>0</string>
                    <key>selectedStringValue</key>
                    <string>PTPScreenMainMenuUI</string>
                </dict>
                <key>Back To World</key>
                <dict>
                    <key>visible</key>
                    <string>0</string>
                    <key>selectedStringValue</key>
                    <string></string>
                </dict>
                <key>Keyboard Key</key>
                <dict>
                    <key>value</key>
                    <string>-1</string>
                </dict>
                <key>Touch Emulation</key>
                <dict>
                    <key>visible</key>
                    <string>0</string>
                </dict>
                <key>zDepth</key>
                <string>0</string>
            </dict>
            <dict>
                <key>id</key>
                <string>1592</string>
                <key>className</key>
                <string>PTModelObjectButton</string>
                <key>Name</key>
                <dict>
                    <key>value</key>
                    <string>Info Screen</string>
                </dict>
                <key>Position</key>
                <dict>
                    <key>value</key>
                    <string>{97.742,529.840}</string>
                    <key>animationsX</key>
                    <array/>
                    <key>animationsY</key>
                    <array/>
                </dict>
                <key>Rotation</key>
                <dict>
                    <key>animations</key>
                    <array/>
                </dict>
                <key>Scale</key>
                <dict>
                    <key>value</key>
                    <string>{0.300,0.300}</string>
                    <key>animationsX</key>
                    <array/>
                    <key>animationsY</key>
                    <array/>
                </dict>
                <key>Hidden</key>
                <dict>
                    <key>visible</key>
                    <string>0</string>
                </dict>
                <key>Locked</key>
                <dict>
                    <key>visible</key>
                    <string>0</string>
                    <key>value</key>
                    <string>1</string>
                </dict>
                <key>Opacity</key>
                <dict>
                    <key>value</key>
                    <string>0.700000</string>
                    <key>animations</key>
                    <array/>
                </dict>
                <key>Action</key>
                <dict>
                    <key>selectedStringValue</key>
                    <string>kNoAction</string>
                </dict>
                <key>Back To</key>
                <dict>
                    <key>visible</key>
                    <string>0</string>
                    <key>selectedStringValue</key>
                    <string></string>
                </dict>
                <key>Back To World</key>
                <dict>
                    <key>visible</key>
                    <string>0</string>
                    <key>selectedStringValue</key>
                    <string></string>
                </dict>
                <key>Keyboard Key</key>
                <dict>
                    <key>value</key>
                    <string>-1</string>
                </dict>
                <key>Touch Emulation</key>
                <dict>
                    <key>visible</key>
                    <string>0</string>
                    <key>animations</key>
                    <array/>
                </dict>
                <key>zDepth</key>
                <string>3</string>
            </dict>
            <dict>
                <key>id</key>
                <string>1596</string>
                <key>className</key>
                <string>PTModelObjectButton</string>
                <key>Name</key>
                <dict>
                    <key>value</key>
                    <string>Back</string>
                </dict>
                <key>Position</key>
                <dict>
                    <key>value</key>
                    <string>{568.000,320.000}</string>
                </dict>
                <key>Scale</key>
                <dict>
                    <key>value</key>
                    <string>{1.000,1.000}</string>
                </dict>
                <key>Hidden</key>
                <dict>
                    <key>visible</key>
                    <string>0</string>
                </dict>
                <key>Locked</key>
                <dict>
                    <key>visible</key>
                    <string>0</string>
                </dict>
                <key>Action</key>
                <dict>
                    <key>selectedStringValue</key>
                    <string>kBackButton</string>
                </dict>
                <key>Back To</key>
                <dict>
                    <key>visible</key>
                    <string>0</string>
                    <key>selectedStringValue</key>
                    <string>PTPScreenMainMenuUI</string>
                </dict>
                <key>Back To World</key>
                <dict>
                    <key>visible</key>
                    <string>0</string>
                    <key>selectedStringValue</key>
                    <string></string>
                </dict>
                <key>Keyboard Key</key>
                <dict>
                    <key>value</key>
                    <string>-1</string>
                </dict>
                <key>Touch Emulation</key>
                <dict>
                    <key>visible</key>
                    <string>0</string>
                </dict>
                <key>zDepth</key>
                <string>0</string>
            </dict>
            <dict>
                <key>id</key>
                <string>1599</string>
                <key>className</key>
                <string>PTModelObjectButton</string>
                <key>Name</key>
                <dict>
                    <key>value</key>
                    <string>Coin Shop</string>
                </dict>
                <key>Position</key>
                <dict>
                    <key>value</key>
                    <string>{987.456,533.226}</string>
                    <key>animationsX</key>
                    <array/>
                    <key>animationsY</key>
                    <array/>
                </dict>
                <key>Rotation</key>
                <dict>
                    <key>animations</key>
                    <array/>
                </dict>
                <key>Scale</key>
                <dict>
                    <key>value</key>
                    <string>{0.300,0.300}</string>
                    <key>animationsX</key>
                    <array/>
                    <key>animationsY</key>
                    <array/>
                </dict>
                <key>Hidden</key>
                <dict>
                    <key>visible</key>
                    <string>0</string>
                </dict>
                <key>Locked</key>
                <dict>
                    <key>visible</key>
                    <string>0</string>
                    <key>value</key>
                    <string>1</string>
                </dict>
                <key>Opacity</key>
                <dict>
                    <key>value</key>
                    <string>0.600000</string>
                    <key>animations</key>
                    <array/>
                </dict>
                <key>Action</key>
                <dict>
                    <key>selectedStringValue</key>
                    <string>kNoAction</string>
                </dict>
                <key>Back To</key>
                <dict>
                    <key>visible</key>
                    <string>0</string>
                    <key>selectedStringValue</key>
                    <string></string>
                </dict>
                <key>Back To World</key>
                <dict>
                    <key>visible</key>
                    <string>0</string>
                    <key>selectedStringValue</key>
                    <string></string>
                </dict>
                <key>Keyboard Key</key>
                <dict>
                    <key>value</key>
                    <string>-1</string>
                </dict>
                <key>Touch Emulation</key>
                <dict>
                    <key>visible</key>
                    <string>0</string>
                    <key>animations</key>
                    <array/>
                </dict>
                <key>zDepth</key>
                <string>4</string>
            </dict>
            <dict>
                <key>id</key>
                <string>1608</string>
                <key>className</key>
                <string>PTModelObjectButton</string>
                <key>Name</key>
                <dict>
                    <key>value</key>
                    <string>Continue</string>
                </dict>
                <key>Position</key>
                <dict>
                    <key>value</key>
                    <string>{907.500,100.000}</string>
                    <key>animationsX</key>
                    <array/>
                    <key>animationsY</key>
                    <array/>
                </dict>
                <key>Rotation</key>
                <dict>
                    <key>animations</key>
                    <array/>
                </dict>
                <key>Scale</key>
                <dict>
                    <key>value</key>
                    <string>{1.000,1.000}</string>
                    <key>animationsX</key>
                    <array/>
                    <key>animationsY</key>
                    <array/>
                </dict>
                <key>Hidden</key>
                <dict>
                    <key>visible</key>
                    <string>0</string>
                </dict>
                <key>Locked</key>
                <dict>
                    <key>visible</key>
                    <string>0</string>
                </dict>
                <key>Action</key>
                <dict>
                    <key>selectedStringValue</key>
                    <string>kBackButton</string>
                </dict>
                <key>Back To</key>
                <dict>
                    <key>visible</key>
                    <string>0</string>
                    <key>selectedStringValue</key>
                    <string>PTPScreenMainMenuUI</string>
                </dict>
                <key>Back To World</key>
                <dict>
                    <key>visible</key>
                    <string>0</string>
                    <key>selectedStringValue</key>
                    <string></string>
                </dict>
                <key>Keyboard Key</key>
                <dict>
                    <key>value</key>
                    <string>-1</string>
                </dict>
                <key>Touch Emulation</key>
                <dict>
                    <key>visible</key>
                    <string>0</string>
                </dict>
                <key>zDepth</key>
                <string>0</string>
            </dict>
            <dict>
                <key>id</key>
                <string>1611</string>
                <key>className</key>
                <string>PTModelObjectButton</string>
                <key>Name</key>
                <dict>
                    <key>value</key>
                    <string>Main Menu</string>
                </dict>
                <key>Position</key>
                <dict>
                    <key>value</key>
                    <string>{907.500,230.000}</string>
                    <key>animationsX</key>
                    <array/>
                    <key>animationsY</key>
                    <array/>
                </dict>
                <key>Rotation</key>
                <dict>
                    <key>animations</key>
                    <array/>
                </dict>
                <key>Scale</key>
                <dict>
                    <key>value</key>
                    <string>{1.000,1.000}</string>
                    <key>animationsX</key>
                    <array/>
                    <key>animationsY</key>
                    <array/>
                </dict>
                <key>Hidden</key>
                <dict>
                    <key>visible</key>
                    <string>0</string>
                </dict>
                <key>Locked</key>
                <dict>
                    <key>visible</key>
                    <string>0</string>
                </dict>
                <key>Action</key>
                <dict>
                    <key>selectedStringValue</key>
                    <string>kBackToButton</string>
                </dict>
                <key>Back To</key>
                <dict>
                    <key>selectedStringValue</key>
                    <string>PTPScreenMainMenuUI</string>
                </dict>
                <key>Back To World</key>
                <dict>
                    <key>visible</key>
                    <string>0</string>
                    <key>selectedStringValue</key>
                    <string></string>
                </dict>
                <key>Keyboard Key</key>
                <dict>
                    <key>value</key>
                    <string>-1</string>
                </dict>
                <key>Touch Emulation</key>
                <dict>
                    <key>visible</key>
                    <string>0</string>
                </dict>
                <key>zDepth</key>
                <string>0</string>
            </dict>
            <dict>
                <key>id</key>
                <string>1621</string>
                <key>className</key>
                <string>PTModelObjectButton</string>
                <key>Name</key>
                <dict>
                    <key>value</key>
                    <string>Restart</string>
                </dict>
                <key>Position</key>
                <dict>
                    <key>value</key>
                    <string>{907.500,100.000}</string>
                </dict>
                <key>Scale</key>
                <dict>
                    <key>value</key>
                    <string>{1.000,1.000}</string>
                </dict>
                <key>Hidden</key>
                <dict>
                    <key>visible</key>
                    <string>0</string>
                </dict>
                <key>Locked</key>
                <dict>
                    <key>visible</key>
                    <string>0</string>
                </dict>
                <key>Action</key>
                <dict>
                    <key>selectedStringValue</key>
                    <string>kRestartButton</string>
                </dict>
                <key>Back To</key>
                <dict>
                    <key>visible</key>
                    <string>0</string>
                    <key>selectedStringValue</key>
                    <string>PTPScreenMainMenuUI</string>
                </dict>
                <key>Back To World</key>
                <dict>
                    <key>visible</key>
                    <string>0</string>
                    <key>selectedStringValue</key>
                    <string></string>
                </dict>
                <key>Keyboard Key</key>
                <dict>
                    <key>value</key>
                    <string>-1</string>
                </dict>
                <key>Touch Emulation</key>
                <dict>
                    <key>visible</key>
                    <string>0</string>
                </dict>
                <key>zDepth</key>
                <string>0</string>
            </dict>
            <dict>
                <key>id</key>
                <string>1622</string>
                <key>className</key>
                <string>PTModelObjectButton</string>
                <key>Name</key>
                <dict>
                    <key>value</key>
                    <string>Main Menu</string>
                </dict>
                <key>Position</key>
                <dict>
                    <key>value</key>
                    <string>{907.500,230.000}</string>
                </dict>
                <key>Scale</key>
                <dict>
                    <key>value</key>
                    <string>{1.000,1.000}</string>
                </dict>
                <key>Hidden</key>
                <dict>
                    <key>visible</key>
                    <string>0</string>
                </dict>
                <key>Locked</key>
                <dict>
                    <key>visible</key>
                    <string>0</string>
                </dict>
                <key>Action</key>
                <dict>
                    <key>selectedStringValue</key>
                    <string>kBackToButton</string>
                </dict>
                <key>Back To</key>
                <dict>
                    <key>selectedStringValue</key>
                    <string>PTPScreenMainMenuUI</string>
                </dict>
                <key>Back To World</key>
                <dict>
                    <key>visible</key>
                    <string>0</string>
                    <key>selectedStringValue</key>
                    <string></string>
                </dict>
                <key>Keyboard Key</key>
                <dict>
                    <key>value</key>
                    <string>-1</string>
                </dict>
                <key>Touch Emulation</key>
                <dict>
                    <key>visible</key>
                    <string>0</string>
                </dict>
                <key>zDepth</key>
                <string>0</string>
            </dict>
            <dict>
                <key>id</key>
                <string>1648</string>
                <key>className</key>
                <string>PTModelObjectButton</string>
                <key>Name</key>
                <dict>
                    <key>value</key>
                    <string>Start</string>
                </dict>
                <key>Position</key>
                <dict>
                    <key>value</key>
                    <string>{568.000,170.000}</string>
                </dict>
                <key>Scale</key>
                <dict>
                    <key>value</key>
                    <string>{1.000,1.000}</string>
                </dict>
                <key>Hidden</key>
                <dict>
                    <key>visible</key>
                    <string>0</string>
                </dict>
                <key>Locked</key>
                <dict>
                    <key>visible</key>
                    <string>0</string>
                </dict>
                <key>Action</key>
                <dict>
                    <key>selectedStringValue</key>
                    <string>kNoAction</string>
                </dict>
                <key>Back To</key>
                <dict>
                    <key>visible</key>
                    <string>0</string>
                    <key>selectedStringValue</key>
                    <string>PTPScreenMainMenuUI</string>
                </dict>
                <key>Back To World</key>
                <dict>
                    <key>visible</key>
                    <string>0</string>
                    <key>selectedStringValue</key>
                    <string></string>
                </dict>
                <key>Keyboard Key</key>
                <dict>
                    <key>value</key>
                    <string>-1</string>
                </dict>
                <key>Touch Emulation</key>
                <dict>
                    <key>visible</key>
                    <string>0</string>
                </dict>
                <key>zDepth</key>
                <string>0</string>
            </dict>
        </array>
    </dict>
</plist>
