<?xml version="1.0" encoding="UTF-8"?>
<!DOCTYPE plist PUBLIC "-//Apple//DTD PLIST 1.0//EN" "http://www.apple.com/DTDs/PropertyList-1.0.dtd"/>

<plist version="1.0">
    <dict>
        <key>ROOT</key>
        <array>
            <dict>
                <key>id</key>
                <string>1916</string>
            </dict>
            <dict>
                <key>id</key>
                <string>1944</string>
            </dict>
            <dict>
                <key>id</key>
                <string>1953</string>
            </dict>
            <dict>
                <key>id</key>
                <string>1982</string>
            </dict>
            <dict>
                <key>id</key>
                <string>1991</string>
            </dict>
            <dict>
                <key>id</key>
                <string>2000</string>
            </dict>
            <dict>
                <key>id</key>
                <string>2069</string>
            </dict>
            <dict>
                <key>id</key>
                <string>2078</string>
            </dict>
            <dict>
                <key>id</key>
                <string>2087</string>
            </dict>
            <dict>
                <key>id</key>
                <string>2096</string>
            </dict>
            <dict>
                <key>id</key>
                <string>2105</string>
            </dict>
            <dict>
                <key>id</key>
                <string>2114</string>
            </dict>
            <dict>
                <key>id</key>
                <string>2126</string>
            </dict>
            <dict>
                <key>id</key>
                <string>2135</string>
            </dict>
            <dict>
                <key>id</key>
                <string>2150</string>
            </dict>
            <dict>
                <key>id</key>
                <string>2185</string>
            </dict>
            <dict>
                <key>id</key>
                <string>2251</string>
            </dict>
            <dict>
                <key>id</key>
                <string>2260</string>
            </dict>
            <dict>
                <key>id</key>
                <string>2269</string>
            </dict>
            <dict>
                <key>id</key>
                <string>2278</string>
            </dict>
            <dict>
                <key>id</key>
                <string>2287</string>
            </dict>
            <dict>
                <key>id</key>
                <string>2296</string>
            </dict>
            <dict>
                <key>id</key>
                <string>2329</string>
            </dict>
            <dict>
                <key>id</key>
                <string>2338</string>
            </dict>
            <dict>
                <key>id</key>
                <string>2347</string>
            </dict>
            <dict>
                <key>id</key>
                <string>2356</string>
            </dict>
            <dict>
                <key>id</key>
                <string>2365</string>
            </dict>
            <dict>
                <key>id</key>
                <string>2374</string>
            </dict>
            <dict>
                <key>id</key>
                <string>2383</string>
            </dict>
            <dict>
                <key>id</key>
                <string>2392</string>
            </dict>
            <dict>
                <key>id</key>
                <string>2401</string>
            </dict>
            <dict>
                <key>id</key>
                <string>2410</string>
            </dict>
            <dict>
                <key>id</key>
                <string>2419</string>
            </dict>
            <dict>
                <key>id</key>
                <string>2428</string>
            </dict>
            <dict>
                <key>id</key>
                <string>2437</string>
            </dict>
            <dict>
                <key>id</key>
                <string>2476</string>
            </dict>
            <dict>
                <key>id</key>
                <string>2485</string>
            </dict>
            <dict>
                <key>id</key>
                <string>2494</string>
            </dict>
            <dict>
                <key>id</key>
                <string>2503</string>
            </dict>
            <dict>
                <key>id</key>
                <string>2512</string>
            </dict>
            <dict>
                <key>id</key>
                <string>2521</string>
            </dict>
            <dict>
                <key>id</key>
                <string>2530</string>
            </dict>
            <dict>
                <key>id</key>
                <string>2552</string>
            </dict>
            <dict>
                <key>id</key>
                <string>2557</string>
            </dict>
            <dict>
                <key>id</key>
                <string>2562</string>
            </dict>
            <dict>
                <key>id</key>
                <string>2567</string>
            </dict>
            <dict>
                <key>id</key>
                <string>2572</string>
            </dict>
            <dict>
                <key>id</key>
                <string>2577</string>
            </dict>
            <dict>
                <key>id</key>
                <string>2582</string>
            </dict>
            <dict>
                <key>id</key>
                <string>2587</string>
            </dict>
            <dict>
                <key>id</key>
                <string>2592</string>
            </dict>
            <dict>
                <key>id</key>
                <string>2597</string>
            </dict>
            <dict>
                <key>id</key>
                <string>2602</string>
            </dict>
            <dict>
                <key>id</key>
                <string>2607</string>
            </dict>
            <dict>
                <key>id</key>
                <string>2612</string>
            </dict>
            <dict>
                <key>id</key>
                <string>2634</string>
            </dict>
            <dict>
                <key>id</key>
                <string>2639</string>
            </dict>
            <dict>
                <key>id</key>
                <string>2713</string>
            </dict>
            <dict>
                <key>id</key>
                <string>2736</string>
            </dict>
            <dict>
                <key>id</key>
                <string>2745</string>
            </dict>
            <dict>
                <key>id</key>
                <string>2822</string>
            </dict>
            <dict>
                <key>id</key>
                <string>2831</string>
            </dict>
            <dict>
                <key>id</key>
                <string>2840</string>
            </dict>
            <dict>
                <key>id</key>
                <string>2849</string>
            </dict>
            <dict>
                <key>id</key>
                <string>2858</string>
            </dict>
            <dict>
                <key>id</key>
                <string>2871</string>
            </dict>
            <dict>
                <key>id</key>
                <string>2880</string>
            </dict>
            <dict>
                <key>id</key>
                <string>2890</string>
            </dict>
            <dict>
                <key>id</key>
                <string>2905</string>
            </dict>
            <dict>
                <key>id</key>
                <string>2917</string>
            </dict>
            <dict>
                <key>id</key>
                <string>2926</string>
            </dict>
            <dict>
                <key>id</key>
                <string>2935</string>
            </dict>
            <dict>
                <key>id</key>
                <string>2944</string>
            </dict>
            <dict>
                <key>id</key>
                <string>2953</string>
            </dict>
            <dict>
                <key>id</key>
                <string>2978</string>
            </dict>
            <dict>
                <key>id</key>
                <string>2990</string>
            </dict>
            <dict>
                <key>id</key>
                <string>3013</string>
            </dict>
            <dict>
                <key>id</key>
                <string>3022</string>
            </dict>
            <dict>
                <key>id</key>
                <string>3031</string>
            </dict>
            <dict>
                <key>id</key>
                <string>3040</string>
            </dict>
            <dict>
                <key>id</key>
                <string>3049</string>
            </dict>
            <dict>
                <key>id</key>
                <string>3058</string>
            </dict>
            <dict>
                <key>id</key>
                <string>3067</string>
            </dict>
            <dict>
                <key>id</key>
                <string>3111</string>
            </dict>
            <dict>
                <key>id</key>
                <string>3120</string>
            </dict>
            <dict>
                <key>id</key>
                <string>3129</string>
            </dict>
            <dict>
                <key>id</key>
                <string>3203</string>
            </dict>
            <dict>
                <key>id</key>
                <string>3212</string>
            </dict>
            <dict>
                <key>id</key>
                <string>3230</string>
            </dict>
            <dict>
                <key>id</key>
                <string>3252</string>
            </dict>
            <dict>
                <key>id</key>
                <string>3265</string>
            </dict>
            <dict>
                <key>id</key>
                <string>3274</string>
            </dict>
            <dict>
                <key>id</key>
                <string>3283</string>
            </dict>
            <dict>
                <key>id</key>
                <string>3292</string>
            </dict>
            <dict>
                <key>id</key>
                <string>3301</string>
            </dict>
            <dict>
                <key>id</key>
                <string>3341</string>
            </dict>
            <dict>
                <key>id</key>
                <string>3350</string>
            </dict>
            <dict>
                <key>id</key>
                <string>3359</string>
            </dict>
            <dict>
                <key>id</key>
                <string>3368</string>
            </dict>
            <dict>
                <key>id</key>
                <string>3380</string>
            </dict>
            <dict>
                <key>id</key>
                <string>3390</string>
            </dict>
            <dict>
                <key>id</key>
                <string>3399</string>
            </dict>
            <dict>
                <key>id</key>
                <string>3408</string>
            </dict>
            <dict>
                <key>id</key>
                <string>3417</string>
            </dict>
            <dict>
                <key>id</key>
                <string>3426</string>
            </dict>
            <dict>
                <key>id</key>
                <string>3459</string>
            </dict>
            <dict>
                <key>id</key>
                <string>3468</string>
            </dict>
            <dict>
                <key>id</key>
                <string>3688</string>
            </dict>
            <dict>
                <key>id</key>
                <string>3780</string>
            </dict>
            <dict>
                <key>id</key>
                <string>3789</string>
            </dict>
            <dict>
                <key>id</key>
                <string>3798</string>
            </dict>
            <dict>
                <key>id</key>
                <string>3838</string>
            </dict>
            <dict>
                <key>id</key>
                <string>3847</string>
            </dict>
            <dict>
                <key>id</key>
                <string>3856</string>
            </dict>
            <dict>
                <key>id</key>
                <string>3888</string>
            </dict>
            <dict>
                <key>id</key>
                <string>3897</string>
            </dict>
            <dict>
                <key>id</key>
                <string>3906</string>
            </dict>
            <dict>
                <key>id</key>
                <string>4022</string>
            </dict>
            <dict>
                <key>id</key>
                <string>4093</string>
            </dict>
            <dict>
                <key>id</key>
                <string>4102</string>
            </dict>
            <dict>
                <key>id</key>
                <string>4111</string>
            </dict>
            <dict>
                <key>id</key>
                <string>4120</string>
            </dict>
            <dict>
                <key>id</key>
                <string>4129</string>
            </dict>
            <dict>
                <key>id</key>
                <string>4190</string>
            </dict>
            <dict>
                <key>id</key>
                <string>4199</string>
            </dict>
            <dict>
                <key>id</key>
                <string>4208</string>
            </dict>
            <dict>
                <key>id</key>
                <string>4217</string>
            </dict>
            <dict>
                <key>id</key>
                <string>4226</string>
            </dict>
            <dict>
                <key>id</key>
                <string>4235</string>
            </dict>
            <dict>
                <key>id</key>
                <string>4256</string>
            </dict>
            <dict>
                <key>id</key>
                <string>4266</string>
            </dict>
            <dict>
                <key>id</key>
                <string>4275</string>
            </dict>
            <dict>
                <key>id</key>
                <string>4287</string>
            </dict>
            <dict>
                <key>id</key>
                <string>4422</string>
            </dict>
            <dict>
                <key>id</key>
                <string>4563</string>
            </dict>
            <dict>
                <key>id</key>
                <string>4578</string>
            </dict>
            <dict>
                <key>id</key>
                <string>4587</string>
            </dict>
            <dict>
                <key>id</key>
                <string>4701</string>
            </dict>
            <dict>
                <key>id</key>
                <string>4710</string>
            </dict>
            <dict>
                <key>id</key>
                <string>4779</string>
            </dict>
            <dict>
                <key>id</key>
                <string>4788</string>
            </dict>
            <dict>
                <key>id</key>
                <string>4797</string>
            </dict>
            <dict>
                <key>id</key>
                <string>4806</string>
            </dict>
            <dict>
                <key>id</key>
                <string>4817</string>
            </dict>
            <dict>
                <key>id</key>
                <string>4827</string>
            </dict>
            <dict>
                <key>id</key>
                <string>4836</string>
            </dict>
            <dict>
                <key>id</key>
                <string>4886</string>
            </dict>
            <dict>
                <key>id</key>
                <string>4895</string>
            </dict>
        </array>
    </dict>
</plist>
