<?xml version="1.0" encoding="UTF-8"?>
<!DOCTYPE plist PUBLIC "-//Apple//DTD PLIST 1.0//EN" "http://www.apple.com/DTDs/PropertyList-1.0.dtd"/>

<plist version="1.0">
    <dict>
        <key>ROOT</key>
        <array>
            <dict>
                <key>id</key>
                <string>114</string>
                <key>Image</key>
                <dict>
                    <key>value</key>
                    <string>109</string>
                </dict>
            </dict>
            <dict>
                <key>id</key>
                <string>155</string>
                <key>Image</key>
                <dict>
                    <key>value</key>
                    <string>150</string>
                </dict>
            </dict>
            <dict>
                <key>id</key>
                <string>346</string>
                <key>Image</key>
                <dict>
                    <key>value</key>
                    <string>341</string>
                </dict>
            </dict>
            <dict>
                <key>id</key>
                <string>447</string>
                <key>Image</key>
                <dict>
                    <key>value</key>
                    <string>441</string>
                </dict>
            </dict>
            <dict>
                <key>id</key>
                <string>1571</string>
                <key>Image</key>
                <dict>
                    <key>value</key>
                    <string>1572</string>
                </dict>
            </dict>
            <dict>
                <key>id</key>
                <string>1579</string>
                <key>Image</key>
                <dict>
                    <key>value</key>
                    <string>4606</string>
                </dict>
            </dict>
            <dict>
                <key>id</key>
                <string>1586</string>
                <key>Image</key>
                <dict>
                    <key>value</key>
                    <string>1572</string>
                </dict>
            </dict>
            <dict>
                <key>id</key>
                <string>1595</string>
                <key>Image</key>
                <dict>
                    <key>value</key>
                    <string>1572</string>
                </dict>
            </dict>
            <dict>
                <key>id</key>
                <string>1602</string>
                <key>Image</key>
                <dict>
                    <key>value</key>
                    <string>1572</string>
                </dict>
            </dict>
            <dict>
                <key>id</key>
                <string>1605</string>
                <key>Image</key>
                <dict>
                    <key>value</key>
                    <string>1603</string>
                </dict>
            </dict>
            <dict>
                <key>id</key>
                <string>1615</string>
                <key>Image</key>
                <dict>
                    <key>value</key>
                    <string>1572</string>
                </dict>
            </dict>
            <dict>
                <key>id</key>
                <string>1618</string>
                <key>Image</key>
                <dict>
                    <key>value</key>
                    <string>1616</string>
                </dict>
            </dict>
            <dict>
                <key>id</key>
                <string>1647</string>
                <key>Image</key>
                <dict>
                    <key>value</key>
                    <string>1572</string>
                </dict>
            </dict>
            <dict>
                <key>id</key>
                <string>1672</string>
                <key>Image</key>
                <dict>
                    <key>value</key>
                    <string>1667</string>
                </dict>
            </dict>
            <dict>
                <key>id</key>
                <string>1708</string>
                <key>Image</key>
                <dict>
                    <key>value</key>
                    <string>1694</string>
                </dict>
            </dict>
            <dict>
                <key>id</key>
                <string>1730</string>
                <key>Image</key>
                <dict>
                    <key>value</key>
                    <string>1715</string>
                </dict>
            </dict>
            <dict>
                <key>id</key>
                <string>1757</string>
                <key>Image</key>
                <dict>
                    <key>value</key>
                    <string>1743</string>
                </dict>
            </dict>
            <dict>
                <key>id</key>
                <string>1771</string>
                <key>Image</key>
                <dict>
                    <key>value</key>
                    <string>1766</string>
                </dict>
            </dict>
            <dict>
                <key>id</key>
                <string>1795</string>
                <key>Image</key>
                <dict>
                    <key>value</key>
                    <string>1780</string>
                </dict>
            </dict>
            <dict>
                <key>id</key>
                <string>1818</string>
                <key>Image</key>
                <dict>
                    <key>value</key>
                    <string>1804</string>
                </dict>
            </dict>
            <dict>
                <key>id</key>
                <string>1841</string>
                <key>Image</key>
                <dict>
                    <key>value</key>
                    <string>1827</string>
                </dict>
            </dict>
            <dict>
                <key>id</key>
                <string>1876</string>
                <key>Image</key>
                <dict>
                    <key>value</key>
                    <string>1853</string>
                </dict>
            </dict>
            <dict>
                <key>id</key>
                <string>1905</string>
                <key>Image</key>
                <dict>
                    <key>value</key>
                    <string>1883</string>
                </dict>
            </dict>
            <dict>
                <key>id</key>
                <string>1912</string>
            </dict>
            <dict>
                <key>id</key>
                <string>1940</string>
            </dict>
            <dict>
                <key>id</key>
                <string>1949</string>
            </dict>
            <dict>
                <key>id</key>
                <string>1959</string>
                <key>Image</key>
                <dict>
                    <key>value</key>
                    <string>1954</string>
                </dict>
            </dict>
            <dict>
                <key>id</key>
                <string>1978</string>
            </dict>
            <dict>
                <key>id</key>
                <string>1987</string>
            </dict>
            <dict>
                <key>id</key>
                <string>1996</string>
            </dict>
            <dict>
                <key>id</key>
                <string>2006</string>
                <key>Image</key>
                <dict>
                    <key>value</key>
                    <string>2001</string>
                </dict>
            </dict>
            <dict>
                <key>id</key>
                <string>2026</string>
                <key>Image</key>
                <dict>
                    <key>value</key>
                    <string>2021</string>
                </dict>
            </dict>
            <dict>
                <key>id</key>
                <string>2045</string>
                <key>Image</key>
                <dict>
                    <key>value</key>
                    <string>2040</string>
                </dict>
            </dict>
            <dict>
                <key>id</key>
                <string>2065</string>
            </dict>
            <dict>
                <key>id</key>
                <string>2074</string>
            </dict>
            <dict>
                <key>id</key>
                <string>2083</string>
            </dict>
            <dict>
                <key>id</key>
                <string>2092</string>
            </dict>
            <dict>
                <key>id</key>
                <string>2101</string>
            </dict>
            <dict>
                <key>id</key>
                <string>2110</string>
            </dict>
            <dict>
                <key>id</key>
                <string>2122</string>
            </dict>
            <dict>
                <key>id</key>
                <string>2131</string>
            </dict>
            <dict>
                <key>id</key>
                <string>2146</string>
            </dict>
            <dict>
                <key>id</key>
                <string>2181</string>
            </dict>
            <dict>
                <key>id</key>
                <string>2223</string>
                <key>Image</key>
                <dict>
                    <key>value</key>
                    <string>2218</string>
                </dict>
            </dict>
            <dict>
                <key>id</key>
                <string>2247</string>
            </dict>
            <dict>
                <key>id</key>
                <string>2256</string>
            </dict>
            <dict>
                <key>id</key>
                <string>2265</string>
            </dict>
            <dict>
                <key>id</key>
                <string>2274</string>
            </dict>
            <dict>
                <key>id</key>
                <string>2283</string>
            </dict>
            <dict>
                <key>id</key>
                <string>2292</string>
            </dict>
            <dict>
                <key>id</key>
                <string>2325</string>
            </dict>
            <dict>
                <key>id</key>
                <string>2334</string>
            </dict>
            <dict>
                <key>id</key>
                <string>2343</string>
            </dict>
            <dict>
                <key>id</key>
                <string>2352</string>
            </dict>
            <dict>
                <key>id</key>
                <string>2361</string>
            </dict>
            <dict>
                <key>id</key>
                <string>2370</string>
            </dict>
            <dict>
                <key>id</key>
                <string>2379</string>
            </dict>
            <dict>
                <key>id</key>
                <string>2388</string>
            </dict>
            <dict>
                <key>id</key>
                <string>2397</string>
            </dict>
            <dict>
                <key>id</key>
                <string>2406</string>
            </dict>
            <dict>
                <key>id</key>
                <string>2415</string>
            </dict>
            <dict>
                <key>id</key>
                <string>2424</string>
            </dict>
            <dict>
                <key>id</key>
                <string>2433</string>
            </dict>
            <dict>
                <key>id</key>
                <string>2448</string>
                <key>Image</key>
                <dict>
                    <key>value</key>
                    <string>2438</string>
                </dict>
            </dict>
            <dict>
                <key>id</key>
                <string>2472</string>
            </dict>
            <dict>
                <key>id</key>
                <string>2481</string>
            </dict>
            <dict>
                <key>id</key>
                <string>2490</string>
            </dict>
            <dict>
                <key>id</key>
                <string>2499</string>
            </dict>
            <dict>
                <key>id</key>
                <string>2508</string>
            </dict>
            <dict>
                <key>id</key>
                <string>2517</string>
            </dict>
            <dict>
                <key>id</key>
                <string>2526</string>
            </dict>
            <dict>
                <key>id</key>
                <string>2656</string>
                <key>Image</key>
                <dict>
                    <key>value</key>
                    <string>2651</string>
                </dict>
            </dict>
            <dict>
                <key>id</key>
                <string>2678</string>
                <key>Image</key>
                <dict>
                    <key>value</key>
                    <string>2663</string>
                </dict>
            </dict>
            <dict>
                <key>id</key>
                <string>2699</string>
                <key>Image</key>
                <dict>
                    <key>value</key>
                    <string>2685</string>
                </dict>
            </dict>
            <dict>
                <key>id</key>
                <string>2709</string>
            </dict>
            <dict>
                <key>id</key>
                <string>2732</string>
            </dict>
            <dict>
                <key>id</key>
                <string>2741</string>
            </dict>
            <dict>
                <key>id</key>
                <string>2776</string>
                <key>Image</key>
                <dict>
                    <key>value</key>
                    <string>2771</string>
                </dict>
            </dict>
            <dict>
                <key>id</key>
                <string>2791</string>
                <key>Image</key>
                <dict>
                    <key>value</key>
                    <string>2786</string>
                </dict>
            </dict>
            <dict>
                <key>id</key>
                <string>2818</string>
            </dict>
            <dict>
                <key>id</key>
                <string>2827</string>
            </dict>
            <dict>
                <key>id</key>
                <string>2836</string>
            </dict>
            <dict>
                <key>id</key>
                <string>2845</string>
            </dict>
            <dict>
                <key>id</key>
                <string>2854</string>
            </dict>
            <dict>
                <key>id</key>
                <string>2867</string>
            </dict>
            <dict>
                <key>id</key>
                <string>2876</string>
            </dict>
            <dict>
                <key>id</key>
                <string>2886</string>
            </dict>
            <dict>
                <key>id</key>
                <string>2901</string>
            </dict>
            <dict>
                <key>id</key>
                <string>2913</string>
            </dict>
            <dict>
                <key>id</key>
                <string>2922</string>
            </dict>
            <dict>
                <key>id</key>
                <string>2931</string>
            </dict>
            <dict>
                <key>id</key>
                <string>2940</string>
            </dict>
            <dict>
                <key>id</key>
                <string>2949</string>
            </dict>
            <dict>
                <key>id</key>
                <string>2974</string>
            </dict>
            <dict>
                <key>id</key>
                <string>2986</string>
            </dict>
            <dict>
                <key>id</key>
                <string>2996</string>
                <key>Image</key>
                <dict>
                    <key>value</key>
                    <string>2991</string>
                </dict>
            </dict>
            <dict>
                <key>id</key>
                <string>3009</string>
            </dict>
            <dict>
                <key>id</key>
                <string>3018</string>
            </dict>
            <dict>
                <key>id</key>
                <string>3027</string>
            </dict>
            <dict>
                <key>id</key>
                <string>3036</string>
            </dict>
            <dict>
                <key>id</key>
                <string>3045</string>
            </dict>
            <dict>
                <key>id</key>
                <string>3054</string>
            </dict>
            <dict>
                <key>id</key>
                <string>3063</string>
            </dict>
            <dict>
                <key>id</key>
                <string>3074</string>
                <key>Image</key>
                <dict>
                    <key>value</key>
                    <string>3069</string>
                </dict>
            </dict>
            <dict>
                <key>id</key>
                <string>3107</string>
            </dict>
            <dict>
                <key>id</key>
                <string>3116</string>
            </dict>
            <dict>
                <key>id</key>
                <string>3125</string>
            </dict>
            <dict>
                <key>id</key>
                <string>3186</string>
                <key>Image</key>
                <dict>
                    <key>value</key>
                    <string>3181</string>
                </dict>
            </dict>
            <dict>
                <key>id</key>
                <string>3199</string>
            </dict>
            <dict>
                <key>id</key>
                <string>3208</string>
            </dict>
            <dict>
                <key>id</key>
                <string>3226</string>
            </dict>
            <dict>
                <key>id</key>
                <string>3248</string>
            </dict>
            <dict>
                <key>id</key>
                <string>3261</string>
            </dict>
            <dict>
                <key>id</key>
                <string>3270</string>
            </dict>
            <dict>
                <key>id</key>
                <string>3279</string>
            </dict>
            <dict>
                <key>id</key>
                <string>3288</string>
            </dict>
            <dict>
                <key>id</key>
                <string>3297</string>
            </dict>
            <dict>
                <key>id</key>
                <string>3337</string>
            </dict>
            <dict>
                <key>id</key>
                <string>3346</string>
            </dict>
            <dict>
                <key>id</key>
                <string>3355</string>
            </dict>
            <dict>
                <key>id</key>
                <string>3364</string>
            </dict>
            <dict>
                <key>id</key>
                <string>3374</string>
                <key>Image</key>
                <dict>
                    <key>value</key>
                    <string>3369</string>
                </dict>
            </dict>
            <dict>
                <key>id</key>
                <string>3386</string>
            </dict>
            <dict>
                <key>id</key>
                <string>3395</string>
            </dict>
            <dict>
                <key>id</key>
                <string>3404</string>
            </dict>
            <dict>
                <key>id</key>
                <string>3413</string>
            </dict>
            <dict>
                <key>id</key>
                <string>3422</string>
            </dict>
            <dict>
                <key>id</key>
                <string>3455</string>
            </dict>
            <dict>
                <key>id</key>
                <string>3464</string>
            </dict>
            <dict>
                <key>id</key>
                <string>3474</string>
                <key>Image</key>
                <dict>
                    <key>value</key>
                    <string>4564</string>
                </dict>
            </dict>
            <dict>
                <key>id</key>
                <string>3479</string>
                <key>Image</key>
                <dict>
                    <key>value</key>
                    <string>3475</string>
                </dict>
            </dict>
            <dict>
                <key>id</key>
                <string>3532</string>
                <key>Image</key>
                <dict>
                    <key>value</key>
                    <string>3527</string>
                </dict>
            </dict>
            <dict>
                <key>id</key>
                <string>3591</string>
                <key>Image</key>
                <dict>
                    <key>value</key>
                    <string>3586</string>
                </dict>
            </dict>
            <dict>
                <key>id</key>
                <string>3656</string>
                <key>Image</key>
                <dict>
                    <key>value</key>
                    <string>3651</string>
                </dict>
            </dict>
            <dict>
                <key>id</key>
                <string>3684</string>
            </dict>
            <dict>
                <key>id</key>
                <string>3776</string>
            </dict>
            <dict>
                <key>id</key>
                <string>3785</string>
            </dict>
            <dict>
                <key>id</key>
                <string>3794</string>
            </dict>
            <dict>
                <key>id</key>
                <string>3834</string>
            </dict>
            <dict>
                <key>id</key>
                <string>3843</string>
            </dict>
            <dict>
                <key>id</key>
                <string>3852</string>
            </dict>
            <dict>
                <key>id</key>
                <string>3884</string>
            </dict>
            <dict>
                <key>id</key>
                <string>3893</string>
            </dict>
            <dict>
                <key>id</key>
                <string>3902</string>
            </dict>
            <dict>
                <key>id</key>
                <string>4018</string>
            </dict>
            <dict>
                <key>id</key>
                <string>4089</string>
            </dict>
            <dict>
                <key>id</key>
                <string>4098</string>
            </dict>
            <dict>
                <key>id</key>
                <string>4107</string>
            </dict>
            <dict>
                <key>id</key>
                <string>4116</string>
            </dict>
            <dict>
                <key>id</key>
                <string>4125</string>
            </dict>
            <dict>
                <key>id</key>
                <string>4186</string>
            </dict>
            <dict>
                <key>id</key>
                <string>4195</string>
            </dict>
            <dict>
                <key>id</key>
                <string>4204</string>
            </dict>
            <dict>
                <key>id</key>
                <string>4213</string>
            </dict>
            <dict>
                <key>id</key>
                <string>4222</string>
            </dict>
            <dict>
                <key>id</key>
                <string>4231</string>
            </dict>
            <dict>
                <key>id</key>
                <string>4252</string>
            </dict>
            <dict>
                <key>id</key>
                <string>4262</string>
            </dict>
            <dict>
                <key>id</key>
                <string>4271</string>
            </dict>
            <dict>
                <key>id</key>
                <string>4283</string>
            </dict>
            <dict>
                <key>id</key>
                <string>4418</string>
            </dict>
            <dict>
                <key>id</key>
                <string>4559</string>
            </dict>
            <dict>
                <key>id</key>
                <string>4574</string>
            </dict>
            <dict>
                <key>id</key>
                <string>4583</string>
            </dict>
            <dict>
                <key>id</key>
                <string>4605</string>
                <key>Image</key>
                <dict>
                    <key>value</key>
                    <string>4601</string>
                </dict>
            </dict>
            <dict>
                <key>id</key>
                <string>4697</string>
            </dict>
            <dict>
                <key>id</key>
                <string>4706</string>
            </dict>
            <dict>
                <key>id</key>
                <string>4775</string>
            </dict>
            <dict>
                <key>id</key>
                <string>4784</string>
            </dict>
            <dict>
                <key>id</key>
                <string>4793</string>
            </dict>
            <dict>
                <key>id</key>
                <string>4802</string>
            </dict>
            <dict>
                <key>id</key>
                <string>4813</string>
            </dict>
            <dict>
                <key>id</key>
                <string>4823</string>
            </dict>
            <dict>
                <key>id</key>
                <string>4832</string>
            </dict>
            <dict>
                <key>id</key>
                <string>4882</string>
                <key>Image</key>
                <dict>
                    <key>value</key>
                    <string>4852</string>
                </dict>
            </dict>
            <dict>
                <key>id</key>
                <string>4891</string>
                <key>Image</key>
                <dict>
                    <key>value</key>
                    <string>4852</string>
                </dict>
            </dict>
        </array>
    </dict>
</plist>
