<?xml version="1.0" encoding="UTF-8"?>
<!DOCTYPE plist PUBLIC "-//Apple//DTD PLIST 1.0//EN" "http://www.apple.com/DTDs/PropertyList-1.0.dtd"/>

<plist version="1.0">
    <dict>
        <key>ROOT</key>
        <array>
            <dict>
                <key>id</key>
                <string>105</string>
                <key>className</key>
                <string>PTModelSpriteContainer</string>
                <key>Name</key>
                <dict>
                    <key>value</key>
                    <string>Background</string>
                </dict>
                <key>duration</key>
                <string>0.033333</string>
                <key>animationSpeed</key>
                <string>1.000000</string>
            </dict>
            <dict>
                <key>id</key>
                <string>109</string>
                <key>className</key>
                <string>PTModelSpriteContainer</string>
                <key>Name</key>
                <dict>
                    <key>value</key>
                    <string>Character</string>
                </dict>
                <key>duration</key>
                <string>0.033333</string>
                <key>animationSpeed</key>
                <string>1.000000</string>
            </dict>
            <dict>
                <key>id</key>
                <string>120</string>
                <key>className</key>
                <string>PTModelSpriteContainer</string>
                <key>Name</key>
                <dict>
                    <key>value</key>
                    <string>DarkClouds</string>
                </dict>
                <key>duration</key>
                <string>0.033333</string>
                <key>animationSpeed</key>
                <string>1.000000</string>
            </dict>
            <dict>
                <key>id</key>
                <string>150</string>
                <key>className</key>
                <string>PTModelSpriteContainer</string>
                <key>Name</key>
                <dict>
                    <key>value</key>
                    <string>Character</string>
                </dict>
                <key>duration</key>
                <string>0.033333</string>
                <key>animationSpeed</key>
                <string>1.000000</string>
            </dict>
            <dict>
                <key>id</key>
                <string>341</string>
                <key>className</key>
                <string>PTModelSpriteContainer</string>
                <key>Name</key>
                <dict>
                    <key>value</key>
                    <string>Enemy</string>
                </dict>
                <key>duration</key>
                <string>0.033333</string>
                <key>animationSpeed</key>
                <string>1.000000</string>
            </dict>
            <dict>
                <key>id</key>
                <string>441</string>
                <key>className</key>
                <string>PTModelSpriteContainer</string>
                <key>Name</key>
                <dict>
                    <key>value</key>
                    <string>Platform</string>
                </dict>
                <key>duration</key>
                <string>0.033333</string>
                <key>animationSpeed</key>
                <string>1.000000</string>
            </dict>
            <dict>
                <key>id</key>
                <string>991</string>
                <key>className</key>
                <string>PTModelSpriteContainer</string>
                <key>Name</key>
                <dict>
                    <key>value</key>
                    <string>Particle</string>
                </dict>
                <key>duration</key>
                <string>0.033333</string>
                <key>animationSpeed</key>
                <string>1.000000</string>
            </dict>
            <dict>
                <key>id</key>
                <string>1042</string>
                <key>className</key>
                <string>PTModelSpriteContainer</string>
                <key>Name</key>
                <dict>
                    <key>value</key>
                    <string>icon_add_locator@2x</string>
                </dict>
                <key>duration</key>
                <string>0.033333</string>
                <key>animationSpeed</key>
                <string>1.000000</string>
            </dict>
            <dict>
                <key>id</key>
                <string>1050</string>
                <key>className</key>
                <string>PTModelSpriteContainer</string>
                <key>Name</key>
                <dict>
                    <key>value</key>
                    <string>Particle</string>
                </dict>
                <key>duration</key>
                <string>0.033333</string>
                <key>animationSpeed</key>
                <string>1.000000</string>
            </dict>
            <dict>
                <key>id</key>
                <string>1186</string>
                <key>className</key>
                <string>PTModelSpriteContainer</string>
                <key>Name</key>
                <dict>
                    <key>value</key>
                    <string>Coins</string>
                </dict>
                <key>duration</key>
                <string>0.033333</string>
                <key>animationSpeed</key>
                <string>1.000000</string>
            </dict>
            <dict>
                <key>id</key>
                <string>1483</string>
                <key>className</key>
                <string>PTModelSpriteContainer</string>
                <key>Name</key>
                <dict>
                    <key>value</key>
                    <string>Right</string>
                </dict>
                <key>duration</key>
                <string>0.033333</string>
                <key>animationSpeed</key>
                <string>1.000000</string>
            </dict>
            <dict>
                <key>id</key>
                <string>1489</string>
                <key>className</key>
                <string>PTModelSpriteContainer</string>
                <key>Name</key>
                <dict>
                    <key>value</key>
                    <string>Left</string>
                </dict>
                <key>duration</key>
                <string>0.033333</string>
                <key>animationSpeed</key>
                <string>1.000000</string>
            </dict>
            <dict>
                <key>id</key>
                <string>1501</string>
                <key>className</key>
                <string>PTModelSpriteContainer</string>
                <key>Name</key>
                <dict>
                    <key>value</key>
                    <string>Up</string>
                </dict>
                <key>duration</key>
                <string>0.033333</string>
                <key>animationSpeed</key>
                <string>1.000000</string>
            </dict>
            <dict>
                <key>id</key>
                <string>1566</string>
                <key>className</key>
                <string>PTModelSpriteContainer</string>
                <key>Name</key>
                <dict>
                    <key>value</key>
                    <string>Pause</string>
                </dict>
                <key>duration</key>
                <string>0.033333</string>
                <key>animationSpeed</key>
                <string>1.000000</string>
            </dict>
            <dict>
                <key>id</key>
                <string>1572</string>
                <key>className</key>
                <string>PTModelSpriteContainer</string>
                <key>Name</key>
                <dict>
                    <key>value</key>
                    <string>UI Background</string>
                </dict>
                <key>duration</key>
                <string>0.033333</string>
                <key>animationSpeed</key>
                <string>1.000000</string>
            </dict>
            <dict>
                <key>id</key>
                <string>1588</string>
                <key>className</key>
                <string>PTModelSpriteContainer</string>
                <key>Name</key>
                <dict>
                    <key>value</key>
                    <string>Back Button</string>
                </dict>
                <key>duration</key>
                <string>0.033333</string>
                <key>animationSpeed</key>
                <string>1.000000</string>
            </dict>
            <dict>
                <key>id</key>
                <string>1590</string>
                <key>className</key>
                <string>PTModelSpriteContainer</string>
                <key>Name</key>
                <dict>
                    <key>value</key>
                    <string>Info Button</string>
                </dict>
                <key>duration</key>
                <string>0.033333</string>
                <key>animationSpeed</key>
                <string>1.000000</string>
            </dict>
            <dict>
                <key>id</key>
                <string>1597</string>
                <key>className</key>
                <string>PTModelSpriteContainer</string>
                <key>Name</key>
                <dict>
                    <key>value</key>
                    <string>Coin Shop Button</string>
                </dict>
                <key>duration</key>
                <string>0.033333</string>
                <key>animationSpeed</key>
                <string>1.000000</string>
            </dict>
            <dict>
                <key>id</key>
                <string>1603</string>
                <key>className</key>
                <string>PTModelSpriteContainer</string>
                <key>Name</key>
                <dict>
                    <key>value</key>
                    <string>Pause Logo</string>
                </dict>
                <key>duration</key>
                <string>0.033333</string>
                <key>animationSpeed</key>
                <string>1.000000</string>
            </dict>
            <dict>
                <key>id</key>
                <string>1606</string>
                <key>className</key>
                <string>PTModelSpriteContainer</string>
                <key>Name</key>
                <dict>
                    <key>value</key>
                    <string>Continue Button</string>
                </dict>
                <key>duration</key>
                <string>0.033333</string>
                <key>animationSpeed</key>
                <string>1.000000</string>
            </dict>
            <dict>
                <key>id</key>
                <string>1609</string>
                <key>className</key>
                <string>PTModelSpriteContainer</string>
                <key>Name</key>
                <dict>
                    <key>value</key>
                    <string>Main Menu Button</string>
                </dict>
                <key>duration</key>
                <string>0.033333</string>
                <key>animationSpeed</key>
                <string>1.000000</string>
            </dict>
            <dict>
                <key>id</key>
                <string>1616</string>
                <key>className</key>
                <string>PTModelSpriteContainer</string>
                <key>Name</key>
                <dict>
                    <key>value</key>
                    <string>Game Over Logo</string>
                </dict>
                <key>duration</key>
                <string>0.033333</string>
                <key>animationSpeed</key>
                <string>1.000000</string>
            </dict>
            <dict>
                <key>id</key>
                <string>1619</string>
                <key>className</key>
                <string>PTModelSpriteContainer</string>
                <key>Name</key>
                <dict>
                    <key>value</key>
                    <string>Restart Button</string>
                </dict>
                <key>duration</key>
                <string>0.033333</string>
                <key>animationSpeed</key>
                <string>1.000000</string>
            </dict>
            <dict>
                <key>id</key>
                <string>1663</string>
                <key>className</key>
                <string>PTModelSpriteContainer</string>
                <key>Name</key>
                <dict>
                    <key>value</key>
                    <string>BG</string>
                </dict>
                <key>duration</key>
                <string>0.033333</string>
                <key>animationSpeed</key>
                <string>1.000000</string>
            </dict>
            <dict>
                <key>id</key>
                <string>1667</string>
                <key>className</key>
                <string>PTModelSpriteContainer</string>
                <key>Name</key>
                <dict>
                    <key>value</key>
                    <string>Tile (2)</string>
                </dict>
                <key>duration</key>
                <string>0.033333</string>
                <key>animationSpeed</key>
                <string>1.000000</string>
            </dict>
            <dict>
                <key>id</key>
                <string>1694</string>
                <key>className</key>
                <string>PTModelSpriteContainer</string>
                <key>Name</key>
                <dict>
                    <key>value</key>
                    <string>Idle__009</string>
                </dict>
                <key>duration</key>
                <string>0.333333</string>
                <key>animationSpeed</key>
                <string>1.000000</string>
            </dict>
            <dict>
                <key>id</key>
                <string>1715</string>
                <key>className</key>
                <string>PTModelSpriteContainer</string>
                <key>Name</key>
                <dict>
                    <key>value</key>
                    <string>Idle__000</string>
                </dict>
                <key>duration</key>
                <string>0.333333</string>
                <key>animationSpeed</key>
                <string>1.000000</string>
            </dict>
            <dict>
                <key>id</key>
                <string>1743</string>
                <key>className</key>
                <string>PTModelSpriteContainer</string>
                <key>Name</key>
                <dict>
                    <key>value</key>
                    <string>Jump_Attack__002</string>
                </dict>
                <key>duration</key>
                <string>0.333333</string>
                <key>animationSpeed</key>
                <string>1.000000</string>
            </dict>
            <dict>
                <key>id</key>
                <string>1766</string>
                <key>className</key>
                <string>PTModelSpriteContainer</string>
                <key>Name</key>
                <dict>
                    <key>value</key>
                    <string>Kunai</string>
                </dict>
                <key>duration</key>
                <string>0.033333</string>
                <key>animationSpeed</key>
                <string>1.000000</string>
            </dict>
            <dict>
                <key>id</key>
                <string>1780</string>
                <key>className</key>
                <string>PTModelSpriteContainer</string>
                <key>Name</key>
                <dict>
                    <key>value</key>
                    <string>Jump__001</string>
                </dict>
                <key>duration</key>
                <string>0.333333</string>
                <key>animationSpeed</key>
                <string>1.000000</string>
            </dict>
            <dict>
                <key>id</key>
                <string>1804</string>
                <key>className</key>
                <string>PTModelSpriteContainer</string>
                <key>Name</key>
                <dict>
                    <key>value</key>
                    <string>Run__007</string>
                </dict>
                <key>duration</key>
                <string>0.333333</string>
                <key>animationSpeed</key>
                <string>1.000000</string>
            </dict>
            <dict>
                <key>id</key>
                <string>1827</string>
                <key>className</key>
                <string>PTModelSpriteContainer</string>
                <key>Name</key>
                <dict>
                    <key>value</key>
                    <string>Run__007</string>
                </dict>
                <key>duration</key>
                <string>0.333333</string>
                <key>animationSpeed</key>
                <string>1.000000</string>
            </dict>
            <dict>
                <key>id</key>
                <string>1853</string>
                <key>className</key>
                <string>PTModelSpriteContainer</string>
                <key>Name</key>
                <dict>
                    <key>value</key>
                    <string>Dead__008</string>
                </dict>
                <key>duration</key>
                <string>0.333333</string>
                <key>animationSpeed</key>
                <string>1.000000</string>
            </dict>
            <dict>
                <key>id</key>
                <string>1883</string>
                <key>className</key>
                <string>PTModelSpriteContainer</string>
                <key>Name</key>
                <dict>
                    <key>value</key>
                    <string>Throw__009</string>
                </dict>
                <key>duration</key>
                <string>0.333333</string>
                <key>animationSpeed</key>
                <string>1.000000</string>
            </dict>
            <dict>
                <key>id</key>
                <string>1954</string>
                <key>className</key>
                <string>PTModelSpriteContainer</string>
                <key>Name</key>
                <dict>
                    <key>value</key>
                    <string>Tree</string>
                </dict>
                <key>duration</key>
                <string>0.033333</string>
                <key>animationSpeed</key>
                <string>1.000000</string>
            </dict>
            <dict>
                <key>id</key>
                <string>2001</string>
                <key>className</key>
                <string>PTModelSpriteContainer</string>
                <key>Name</key>
                <dict>
                    <key>value</key>
                    <string>TombStone (1)</string>
                </dict>
                <key>duration</key>
                <string>0.033333</string>
                <key>animationSpeed</key>
                <string>1.000000</string>
            </dict>
            <dict>
                <key>id</key>
                <string>2021</string>
                <key>className</key>
                <string>PTModelSpriteContainer</string>
                <key>Name</key>
                <dict>
                    <key>value</key>
                    <string>TombStone (2)</string>
                </dict>
                <key>duration</key>
                <string>0.033333</string>
                <key>animationSpeed</key>
                <string>1.000000</string>
            </dict>
            <dict>
                <key>id</key>
                <string>2040</string>
                <key>className</key>
                <string>PTModelSpriteContainer</string>
                <key>Name</key>
                <dict>
                    <key>value</key>
                    <string>Crystal</string>
                </dict>
                <key>duration</key>
                <string>0.033333</string>
                <key>animationSpeed</key>
                <string>1.000000</string>
            </dict>
            <dict>
                <key>id</key>
                <string>2218</string>
                <key>className</key>
                <string>PTModelSpriteContainer</string>
                <key>Name</key>
                <dict>
                    <key>value</key>
                    <string>Crate</string>
                </dict>
                <key>duration</key>
                <string>0.033333</string>
                <key>animationSpeed</key>
                <string>1.000000</string>
            </dict>
            <dict>
                <key>id</key>
                <string>2438</string>
                <key>className</key>
                <string>PTModelSpriteContainer</string>
                <key>Name</key>
                <dict>
                    <key>value</key>
                    <string>coin3</string>
                </dict>
                <key>duration</key>
                <string>0.200000</string>
                <key>animationSpeed</key>
                <string>1.000000</string>
            </dict>
            <dict>
                <key>id</key>
                <string>2651</string>
                <key>className</key>
                <string>PTModelSpriteContainer</string>
                <key>Name</key>
                <dict>
                    <key>value</key>
                    <string>Kunai</string>
                </dict>
                <key>duration</key>
                <string>0.033333</string>
                <key>animationSpeed</key>
                <string>1.000000</string>
            </dict>
            <dict>
                <key>id</key>
                <string>2663</string>
                <key>className</key>
                <string>PTModelSpriteContainer</string>
                <key>Name</key>
                <dict>
                    <key>value</key>
                    <string>Run__007</string>
                </dict>
                <key>duration</key>
                <string>0.333333</string>
                <key>animationSpeed</key>
                <string>1.000000</string>
            </dict>
            <dict>
                <key>id</key>
                <string>2685</string>
                <key>className</key>
                <string>PTModelSpriteContainer</string>
                <key>Name</key>
                <dict>
                    <key>value</key>
                    <string>Jump__002</string>
                </dict>
                <key>duration</key>
                <string>0.333333</string>
                <key>animationSpeed</key>
                <string>1.000000</string>
            </dict>
            <dict>
                <key>id</key>
                <string>2771</string>
                <key>className</key>
                <string>PTModelSpriteContainer</string>
                <key>Name</key>
                <dict>
                    <key>value</key>
                    <string>image 6</string>
                </dict>
                <key>duration</key>
                <string>0.033333</string>
                <key>animationSpeed</key>
                <string>1.000000</string>
            </dict>
            <dict>
                <key>id</key>
                <string>2786</string>
                <key>className</key>
                <string>PTModelSpriteContainer</string>
                <key>Name</key>
                <dict>
                    <key>value</key>
                    <string>6-1x</string>
                </dict>
                <key>duration</key>
                <string>0.033333</string>
                <key>animationSpeed</key>
                <string>1.000000</string>
            </dict>
            <dict>
                <key>id</key>
                <string>2991</string>
                <key>className</key>
                <string>PTModelSpriteContainer</string>
                <key>Name</key>
                <dict>
                    <key>value</key>
                    <string>Mace</string>
                </dict>
                <key>duration</key>
                <string>0.033333</string>
                <key>animationSpeed</key>
                <string>1.000000</string>
            </dict>
            <dict>
                <key>id</key>
                <string>3069</string>
                <key>className</key>
                <string>PTModelSpriteContainer</string>
                <key>Name</key>
                <dict>
                    <key>value</key>
                    <string>Spike_Up</string>
                </dict>
                <key>duration</key>
                <string>0.033333</string>
                <key>animationSpeed</key>
                <string>1.000000</string>
            </dict>
            <dict>
                <key>id</key>
                <string>3181</string>
                <key>className</key>
                <string>PTModelSpriteContainer</string>
                <key>Name</key>
                <dict>
                    <key>value</key>
                    <string>__Bat02_Idle_000</string>
                </dict>
                <key>duration</key>
                <string>0.033333</string>
                <key>animationSpeed</key>
                <string>1.000000</string>
            </dict>
            <dict>
                <key>id</key>
                <string>3369</string>
                <key>className</key>
                <string>PTModelSpriteContainer</string>
                <key>Name</key>
                <dict>
                    <key>value</key>
                    <string>Barrel (1)</string>
                </dict>
                <key>duration</key>
                <string>0.033333</string>
                <key>animationSpeed</key>
                <string>1.000000</string>
            </dict>
            <dict>
                <key>id</key>
                <string>3469</string>
                <key>className</key>
                <string>PTModelSpriteContainer</string>
                <key>Name</key>
                <dict>
                    <key>value</key>
                    <string>BG</string>
                </dict>
                <key>duration</key>
                <string>0.033333</string>
                <key>animationSpeed</key>
                <string>1.000000</string>
            </dict>
            <dict>
                <key>id</key>
                <string>3475</string>
                <key>className</key>
                <string>PTModelSpriteContainer</string>
                <key>Name</key>
                <dict>
                    <key>value</key>
                    <string>Glide_000</string>
                </dict>
                <key>duration</key>
                <string>0.033333</string>
                <key>animationSpeed</key>
                <string>1.000000</string>
            </dict>
            <dict>
                <key>id</key>
                <string>3486</string>
                <key>className</key>
                <string>PTModelSpriteContainer</string>
                <key>Name</key>
                <dict>
                    <key>value</key>
                    <string>start</string>
                </dict>
                <key>duration</key>
                <string>0.033333</string>
                <key>animationSpeed</key>
                <string>1.000000</string>
            </dict>
            <dict>
                <key>id</key>
                <string>3527</string>
                <key>className</key>
                <string>PTModelSpriteContainer</string>
                <key>Name</key>
                <dict>
                    <key>value</key>
                    <string>2</string>
                </dict>
                <key>duration</key>
                <string>0.033333</string>
                <key>animationSpeed</key>
                <string>1.000000</string>
            </dict>
            <dict>
                <key>id</key>
                <string>3586</string>
                <key>className</key>
                <string>PTModelSpriteContainer</string>
                <key>Name</key>
                <dict>
                    <key>value</key>
                    <string>StoneBlock</string>
                </dict>
                <key>duration</key>
                <string>0.033333</string>
                <key>animationSpeed</key>
                <string>1.000000</string>
            </dict>
            <dict>
                <key>id</key>
                <string>3651</string>
                <key>className</key>
                <string>PTModelSpriteContainer</string>
                <key>Name</key>
                <dict>
                    <key>value</key>
                    <string>DoorOpen</string>
                </dict>
                <key>duration</key>
                <string>0.033333</string>
                <key>animationSpeed</key>
                <string>1.000000</string>
            </dict>
            <dict>
                <key>id</key>
                <string>4424</string>
                <key>className</key>
                <string>PTModelSpriteContainer</string>
                <key>Name</key>
                <dict>
                    <key>value</key>
                    <string>game</string>
                </dict>
                <key>duration</key>
                <string>0.033333</string>
                <key>animationSpeed</key>
                <string>1.000000</string>
            </dict>
            <dict>
                <key>id</key>
                <string>4429</string>
                <key>className</key>
                <string>PTModelSpriteContainer</string>
                <key>Name</key>
                <dict>
                    <key>value</key>
                    <string>game</string>
                </dict>
                <key>duration</key>
                <string>0.033333</string>
                <key>animationSpeed</key>
                <string>1.000000</string>
            </dict>
            <dict>
                <key>id</key>
                <string>4564</string>
                <key>className</key>
                <string>PTModelSpriteContainer</string>
                <key>Name</key>
                <dict>
                    <key>value</key>
                    <string>background</string>
                </dict>
                <key>duration</key>
                <string>0.033333</string>
                <key>animationSpeed</key>
                <string>1.000000</string>
            </dict>
            <dict>
                <key>id</key>
                <string>4595</string>
                <key>className</key>
                <string>PTModelSpriteContainer</string>
                <key>Name</key>
                <dict>
                    <key>value</key>
                    <string>start1 (2)</string>
                </dict>
                <key>duration</key>
                <string>0.033333</string>
                <key>animationSpeed</key>
                <string>1.000000</string>
            </dict>
            <dict>
                <key>id</key>
                <string>4601</string>
                <key>className</key>
                <string>PTModelSpriteContainer</string>
                <key>Name</key>
                <dict>
                    <key>value</key>
                    <string>bg2</string>
                </dict>
                <key>duration</key>
                <string>0.033333</string>
                <key>animationSpeed</key>
                <string>1.000000</string>
            </dict>
            <dict>
                <key>id</key>
                <string>4606</string>
                <key>className</key>
                <string>PTModelSpriteContainer</string>
                <key>Name</key>
                <dict>
                    <key>value</key>
                    <string>game1</string>
                </dict>
                <key>duration</key>
                <string>0.033333</string>
                <key>animationSpeed</key>
                <string>1.000000</string>
            </dict>
            <dict>
                <key>id</key>
                <string>4613</string>
                <key>className</key>
                <string>PTModelSpriteContainer</string>
                <key>Name</key>
                <dict>
                    <key>value</key>
                    <string>coin (1)</string>
                </dict>
                <key>duration</key>
                <string>0.033333</string>
                <key>animationSpeed</key>
                <string>1.000000</string>
            </dict>
            <dict>
                <key>id</key>
                <string>4619</string>
                <key>className</key>
                <string>PTModelSpriteContainer</string>
                <key>Name</key>
                <dict>
                    <key>value</key>
                    <string>info (1)</string>
                </dict>
                <key>duration</key>
                <string>0.033333</string>
                <key>animationSpeed</key>
                <string>1.000000</string>
            </dict>
        </array>
    </dict>
</plist>
