<?xml version="1.0" encoding="UTF-8"?>
<!DOCTYPE plist PUBLIC "-//Apple//DTD PLIST 1.0//EN" "http://www.apple.com/DTDs/PropertyList-1.0.dtd"/>

<plist version="1.0">
    <dict>
        <key>ROOT</key>
        <array>
            <dict>
                <key>id</key>
                <string>103</string>
                <key>className</key>
                <string>PTModelLevelSection</string>
                <key>Name</key>
                <dict>
                    <key>visible</key>
                    <string>0</string>
                    <key>value</key>
                    <string>Start</string>
                </dict>
                <key>End Distance</key>
                <dict>
                    <key>value</key>
                    <string>1.000000</string>
                </dict>
                <key>Width</key>
                <dict>
                    <key>value</key>
                    <string>1136.000000</string>
                </dict>
                <key>muted</key>
                <string>0</string>
                <key>solo</key>
                <string>0</string>
                <key>initSection</key>
                <string>1</string>
                <key>parentScreenId</key>
                <string>102</string>
            </dict>
            <dict>
                <key>id</key>
                <string>1395</string>
                <key>className</key>
                <string>PTModelLevelSection</string>
                <key>Name</key>
                <dict>
                    <key>visible</key>
                    <string>0</string>
                    <key>value</key>
                    <string>Start</string>
                </dict>
                <key>Start Distance</key>
                <dict>
                    <key>animations</key>
                    <array/>
                </dict>
                <key>End Distance</key>
                <dict>
                    <key>value</key>
                    <string>1136.000000</string>
                    <key>animations</key>
                    <array/>
                </dict>
                <key>Width</key>
                <dict>
                    <key>value</key>
                    <string>1136.000000</string>
                    <key>animations</key>
                    <array/>
                </dict>
                <key>Play Cooldown</key>
                <dict>
                    <key>animations</key>
                    <array/>
                </dict>
                <key>muted</key>
                <string>0</string>
                <key>solo</key>
                <string>0</string>
                <key>initSection</key>
                <string>1</string>
                <key>parentScreenId</key>
                <string>1394</string>
            </dict>
            <dict>
                <key>id</key>
                <string>1407</string>
                <key>className</key>
                <string>PTModelLevelSection</string>
                <key>Name</key>
                <dict>
                    <key>value</key>
                    <string>1</string>
                </dict>
                <key>Start Distance</key>
                <dict>
                    <key>value</key>
                    <string>1136.000000</string>
                </dict>
                <key>End Distance</key>
                <dict>
                    <key>value</key>
                    <string>2272.000000</string>
                </dict>
                <key>Width</key>
                <dict>
                    <key>value</key>
                    <string>1136.000000</string>
                </dict>
                <key>muted</key>
                <string>0</string>
                <key>solo</key>
                <string>0</string>
                <key>initSection</key>
                <string>0</string>
                <key>parentScreenId</key>
                <string>1394</string>
            </dict>
            <dict>
                <key>id</key>
                <string>2151</string>
                <key>className</key>
                <string>PTModelLevelSection</string>
                <key>Name</key>
                <dict>
                    <key>value</key>
                    <string>2</string>
                </dict>
                <key>Start Distance</key>
                <dict>
                    <key>value</key>
                    <string>2272.000000</string>
                </dict>
                <key>End Distance</key>
                <dict>
                    <key>value</key>
                    <string>3408.000000</string>
                </dict>
                <key>Width</key>
                <dict>
                    <key>value</key>
                    <string>1136.000000</string>
                </dict>
                <key>muted</key>
                <string>0</string>
                <key>solo</key>
                <string>0</string>
                <key>initSection</key>
                <string>0</string>
                <key>parentScreenId</key>
                <string>1394</string>
            </dict>
            <dict>
                <key>id</key>
                <string>2750</string>
                <key>className</key>
                <string>PTModelLevelSection</string>
                <key>Name</key>
                <dict>
                    <key>value</key>
                    <string>3</string>
                </dict>
                <key>Start Distance</key>
                <dict>
                    <key>value</key>
                    <string>3408.000000</string>
                </dict>
                <key>End Distance</key>
                <dict>
                    <key>value</key>
                    <string>4544.000000</string>
                </dict>
                <key>Width</key>
                <dict>
                    <key>value</key>
                    <string>1136.000000</string>
                </dict>
                <key>muted</key>
                <string>0</string>
                <key>solo</key>
                <string>0</string>
                <key>initSection</key>
                <string>0</string>
                <key>parentScreenId</key>
                <string>1394</string>
            </dict>
            <dict>
                <key>id</key>
                <string>3161</string>
                <key>className</key>
                <string>PTModelLevelSection</string>
                <key>Name</key>
                <dict>
                    <key>value</key>
                    <string>4</string>
                </dict>
                <key>Start Distance</key>
                <dict>
                    <key>value</key>
                    <string>4544.000000</string>
                </dict>
                <key>End Distance</key>
                <dict>
                    <key>value</key>
                    <string>5680.000000</string>
                </dict>
                <key>Width</key>
                <dict>
                    <key>value</key>
                    <string>1136.000000</string>
                </dict>
                <key>muted</key>
                <string>0</string>
                <key>solo</key>
                <string>0</string>
                <key>initSection</key>
                <string>0</string>
                <key>parentScreenId</key>
                <string>1394</string>
            </dict>
            <dict>
                <key>id</key>
                <string>1249</string>
                <key>className</key>
                <string>PTModelLevelSection</string>
                <key>Name</key>
                <dict>
                    <key>visible</key>
                    <string>0</string>
                    <key>value</key>
                    <string>Start</string>
                </dict>
                <key>End Distance</key>
                <dict>
                    <key>value</key>
                    <string>1.000000</string>
                </dict>
                <key>Width</key>
                <dict>
                    <key>value</key>
                    <string>1136.000000</string>
                </dict>
                <key>muted</key>
                <string>0</string>
                <key>solo</key>
                <string>0</string>
                <key>initSection</key>
                <string>1</string>
                <key>parentScreenId</key>
                <string>1248</string>
            </dict>
            <dict>
                <key>id</key>
                <string>3302</string>
                <key>className</key>
                <string>PTModelLevelSection</string>
                <key>Name</key>
                <dict>
                    <key>value</key>
                    <string>5</string>
                </dict>
                <key>Start Distance</key>
                <dict>
                    <key>value</key>
                    <string>5680.000000</string>
                </dict>
                <key>End Distance</key>
                <dict>
                    <key>value</key>
                    <string>6816.000000</string>
                </dict>
                <key>Width</key>
                <dict>
                    <key>value</key>
                    <string>1136.000000</string>
                </dict>
                <key>muted</key>
                <string>0</string>
                <key>solo</key>
                <string>0</string>
                <key>initSection</key>
                <string>0</string>
                <key>parentScreenId</key>
                <string>1394</string>
            </dict>
            <dict>
                <key>id</key>
                <string>3526</string>
                <key>className</key>
                <string>PTModelLevelSection</string>
                <key>Name</key>
                <dict>
                    <key>value</key>
                    <string>6</string>
                </dict>
                <key>Start Distance</key>
                <dict>
                    <key>value</key>
                    <string>6816.000000</string>
                </dict>
                <key>End Distance</key>
                <dict>
                    <key>value</key>
                    <string>7952.000000</string>
                </dict>
                <key>Width</key>
                <dict>
                    <key>value</key>
                    <string>1136.000000</string>
                </dict>
                <key>muted</key>
                <string>0</string>
                <key>solo</key>
                <string>0</string>
                <key>initSection</key>
                <string>0</string>
                <key>parentScreenId</key>
                <string>1394</string>
            </dict>
            <dict>
                <key>id</key>
                <string>3907</string>
                <key>className</key>
                <string>PTModelLevelSection</string>
                <key>Name</key>
                <dict>
                    <key>value</key>
                    <string>7</string>
                </dict>
                <key>Start Distance</key>
                <dict>
                    <key>value</key>
                    <string>7952.000000</string>
                </dict>
                <key>End Distance</key>
                <dict>
                    <key>value</key>
                    <string>9088.000000</string>
                </dict>
                <key>Width</key>
                <dict>
                    <key>value</key>
                    <string>1136.000000</string>
                </dict>
                <key>muted</key>
                <string>0</string>
                <key>solo</key>
                <string>0</string>
                <key>initSection</key>
                <string>0</string>
                <key>parentScreenId</key>
                <string>1394</string>
            </dict>
            <dict>
                <key>id</key>
                <string>4338</string>
                <key>className</key>
                <string>PTModelLevelSection</string>
                <key>Name</key>
                <dict>
                    <key>value</key>
                    <string>8</string>
                </dict>
                <key>Start Distance</key>
                <dict>
                    <key>value</key>
                    <string>9088.000000</string>
                </dict>
                <key>End Distance</key>
                <dict>
                    <key>value</key>
                    <string>10224.000000</string>
                </dict>
                <key>Width</key>
                <dict>
                    <key>value</key>
                    <string>1136.000000</string>
                </dict>
                <key>muted</key>
                <string>0</string>
                <key>solo</key>
                <string>0</string>
                <key>initSection</key>
                <string>0</string>
                <key>parentScreenId</key>
                <string>1394</string>
            </dict>
            <dict>
                <key>id</key>
                <string>1629</string>
                <key>className</key>
                <string>PTModelLevelSection</string>
                <key>Name</key>
                <dict>
                    <key>value</key>
                    <string>Start</string>
                </dict>
                <key>End Distance</key>
                <dict>
                    <key>value</key>
                    <string>1.000000</string>
                </dict>
                <key>Width</key>
                <dict>
                    <key>value</key>
                    <string>1136.000000</string>
                </dict>
                <key>muted</key>
                <string>0</string>
                <key>solo</key>
                <string>0</string>
                <key>initSection</key>
                <string>0</string>
                <key>parentScreenId</key>
                <string>1626</string>
            </dict>
            <dict>
                <key>id</key>
                <string>1636</string>
                <key>className</key>
                <string>PTModelLevelSection</string>
                <key>Name</key>
                <dict>
                    <key>value</key>
                    <string>1</string>
                </dict>
                <key>Start Distance</key>
                <dict>
                    <key>value</key>
                    <string>1.000000</string>
                </dict>
                <key>Width</key>
                <dict>
                    <key>value</key>
                    <string>1136.000000</string>
                </dict>
                <key>muted</key>
                <string>0</string>
                <key>solo</key>
                <string>0</string>
                <key>initSection</key>
                <string>0</string>
                <key>parentScreenId</key>
                <string>1626</string>
            </dict>
            <dict>
                <key>id</key>
                <string>104</string>
                <key>className</key>
                <string>PTModelLevelSection</string>
                <key>Name</key>
                <dict>
                    <key>value</key>
                    <string>1</string>
                </dict>
                <key>Start Distance</key>
                <dict>
                    <key>value</key>
                    <string>1.000000</string>
                </dict>
                <key>Width</key>
                <dict>
                    <key>value</key>
                    <string>3001.879883</string>
                </dict>
                <key>muted</key>
                <string>0</string>
                <key>solo</key>
                <string>0</string>
                <key>initSection</key>
                <string>0</string>
                <key>parentScreenId</key>
                <string>102</string>
            </dict>
            <dict>
                <key>id</key>
                <string>938</string>
                <key>className</key>
                <string>PTModelLevelSection</string>
                <key>Name</key>
                <dict>
                    <key>visible</key>
                    <string>0</string>
                    <key>value</key>
                    <string>Start</string>
                </dict>
                <key>End Distance</key>
                <dict>
                    <key>value</key>
                    <string>1.000000</string>
                </dict>
                <key>Width</key>
                <dict>
                    <key>value</key>
                    <string>1136.000000</string>
                </dict>
                <key>muted</key>
                <string>0</string>
                <key>solo</key>
                <string>0</string>
                <key>initSection</key>
                <string>1</string>
                <key>parentScreenId</key>
                <string>937</string>
            </dict>
            <dict>
                <key>id</key>
                <string>939</string>
                <key>className</key>
                <string>PTModelLevelSection</string>
                <key>Name</key>
                <dict>
                    <key>value</key>
                    <string>1</string>
                </dict>
                <key>Start Distance</key>
                <dict>
                    <key>value</key>
                    <string>1.000000</string>
                </dict>
                <key>Width</key>
                <dict>
                    <key>value</key>
                    <string>1808.250488</string>
                </dict>
                <key>muted</key>
                <string>0</string>
                <key>solo</key>
                <string>0</string>
                <key>initSection</key>
                <string>0</string>
                <key>parentScreenId</key>
                <string>937</string>
            </dict>
        </array>
    </dict>
</plist>
