<?xml version="1.0" encoding="UTF-8"?>
<!DOCTYPE plist PUBLIC "-//Apple//DTD PLIST 1.0//EN" "http://www.apple.com/DTDs/PropertyList-1.0.dtd"/>

<plist version="1.0">
    <dict>
        <key>ROOT</key>
        <array>
            <dict>
                <key>id</key>
                <string>1394</string>
                <key>className</key>
                <string>PTModelScreenScene</string>
                <key>Name</key>
                <dict>
                    <key>visible</key>
                    <string>0</string>
                    <key>value</key>
                    <string>Untitled</string>
                </dict>
                <key>Ad Interstitial</key>
                <dict>
                    <key>selectedStringValue</key>
                    <string>kNoAds</string>
                </dict>
                <key>Ad Banner</key>
                <dict>
                    <key>selectedStringValue</key>
                    <string>kNoAds</string>
                </dict>
                <key>Background Scene</key>
                <dict>
                    <key>visible</key>
                    <string>0</string>
                    <key>selectedStringValue</key>
                    <string>kNoBackground</string>
                </dict>
                <key>Gravity</key>
                <dict>
                    <key>value</key>
                    <string>{0.000,-55.000}</string>
                    <key>animationsX</key>
                    <array/>
                    <key>animationsY</key>
                    <array/>
                </dict>
                <key>Time Warp</key>
                <dict>
                    <key>value</key>
                    <string>1.100000</string>
                    <key>animations</key>
                    <array/>
                </dict>
                <key>Game Speed Min</key>
                <dict>
                    <key>animations</key>
                    <array/>
                </dict>
                <key>Game Speed Max</key>
                <dict>
                    <key>animations</key>
                    <array/>
                </dict>
                <key>Speed Increase</key>
                <dict>
                    <key>animations</key>
                    <array/>
                </dict>
                <key>Friction</key>
                <dict>
                    <key>value</key>
                    <string>0.400000</string>
                    <key>animations</key>
                    <array/>
                </dict>
                <key>Velocity Drag</key>
                <dict>
                    <key>animations</key>
                    <array/>
                </dict>
                <key>Bounce</key>
                <dict>
                    <key>animations</key>
                    <array/>
                </dict>
                <key>Score Multiplier</key>
                <dict>
                    <key>animations</key>
                    <array/>
                </dict>
                <key>Game Direction</key>
                <dict>
                    <key>animations</key>
                    <array/>
                </dict>
                <key>Back Deletion Threshold</key>
                <dict>
                    <key>value</key>
                    <string>1000.000000</string>
                    <key>animations</key>
                    <array/>
                </dict>
                <key>Sides Deletion Threshold</key>
                <dict>
                    <key>value</key>
                    <string>700.000000</string>
                    <key>animations</key>
                    <array/>
                </dict>
                <key>key</key>
                <string>PTPScreenScene 1</string>
                <key>openFrames</key>
                <string>40</string>
                <key>idleFrames</key>
                <string>40</string>
                <key>closeFrames</key>
                <string>0</string>
                <key>objectFrameEdgeState_0</key>
                <string>0</string>
                <key>objectFrameEdgeState_1</key>
                <string>0</string>
                <key>objectFrameEdgeState_2</key>
                <string>0</string>
                <key>objectFrameEdgeState_3</key>
                <string>1</string>
                <key>objectFrameRect</key>
                <string>{{0.0071,-0.0148},{0.5071,1.0148}}</string>
            </dict>
            <dict>
                <key>id</key>
                <string>1626</string>
                <key>className</key>
                <string>PTModelScreenScene</string>
                <key>Name</key>
                <dict>
                    <key>visible</key>
                    <string>0</string>
                    <key>value</key>
                    <string>Untitled</string>
                </dict>
                <key>Ad Interstitial</key>
                <dict>
                    <key>selectedStringValue</key>
                    <string>kNoAds</string>
                </dict>
                <key>Ad Banner</key>
                <dict>
                    <key>selectedStringValue</key>
                    <string>kNoAds</string>
                </dict>
                <key>Background Scene</key>
                <dict>
                    <key>visible</key>
                    <string>0</string>
                    <key>selectedStringValue</key>
                    <string>kNoBackground</string>
                </dict>
                <key>Gravity</key>
                <dict>
                    <key>value</key>
                    <string>{0.000,-55.000}</string>
                </dict>
                <key>Time Warp</key>
                <dict>
                    <key>value</key>
                    <string>1.100000</string>
                </dict>
                <key>Friction</key>
                <dict>
                    <key>value</key>
                    <string>0.400000</string>
                </dict>
                <key>Back Deletion Threshold</key>
                <dict>
                    <key>value</key>
                    <string>1000.000000</string>
                </dict>
                <key>Sides Deletion Threshold</key>
                <dict>
                    <key>value</key>
                    <string>700.000000</string>
                </dict>
                <key>key</key>
                <string>PTPScreenScene 2</string>
                <key>openFrames</key>
                <string>40</string>
                <key>idleFrames</key>
                <string>40</string>
                <key>closeFrames</key>
                <string>0</string>
                <key>objectFrameEdgeState_0</key>
                <string>0</string>
                <key>objectFrameEdgeState_1</key>
                <string>0</string>
                <key>objectFrameEdgeState_2</key>
                <string>0</string>
                <key>objectFrameEdgeState_3</key>
                <string>0</string>
                <key>objectFrameRect</key>
                <string>{{0.0071,-0.0148},{0.5071,1.0148}}</string>
            </dict>
        </array>
    </dict>
</plist>
