<?xml version="1.0" encoding="UTF-8"?>
<!DOCTYPE plist PUBLIC "-//Apple//DTD PLIST 1.0//EN" "http://www.apple.com/DTDs/PropertyList-1.0.dtd"/>

<plist version="1.0">
    <dict>
        <key>ROOT</key>
        <array>
            <dict>
                <key>id</key>
                <string>3758</string>
                <key>className</key>
                <string>PTModelObjectAssetTeleport</string>
                <key>Name</key>
                <dict>
                    <key>value</key>
                    <string>Portal</string>
                </dict>
                <key>Position</key>
                <dict>
                    <key>value</key>
                    <string>{461.101,171.093}</string>
                </dict>
                <key>Scale</key>
                <dict>
                    <key>value</key>
                    <string>{1.162,1.202}</string>
                </dict>
                <key>Hidden</key>
                <dict>
                    <key>visible</key>
                    <string>0</string>
                </dict>
                <key>Locked</key>
                <dict>
                    <key>visible</key>
                    <string>0</string>
                </dict>
                <key>Opacity</key>
                <dict>
                    <key>visible</key>
                    <string>0</string>
                </dict>
                <key>zDepth</key>
                <string>501</string>
            </dict>
            <dict>
                <key>id</key>
                <string>3762</string>
                <key>className</key>
                <string>PTModelObjectAssetTeleport</string>
                <key>Name</key>
                <dict>
                    <key>value</key>
                    <string>Portal</string>
                </dict>
                <key>Position</key>
                <dict>
                    <key>value</key>
                    <string>{584.031,312.568}</string>
                </dict>
                <key>Scale</key>
                <dict>
                    <key>value</key>
                    <string>{1.029,1.076}</string>
                </dict>
                <key>Hidden</key>
                <dict>
                    <key>visible</key>
                    <string>0</string>
                </dict>
                <key>Locked</key>
                <dict>
                    <key>visible</key>
                    <string>0</string>
                </dict>
                <key>Opacity</key>
                <dict>
                    <key>visible</key>
                    <string>0</string>
                </dict>
                <key>zDepth</key>
                <string>502</string>
            </dict>
            <dict>
                <key>id</key>
                <string>3766</string>
                <key>className</key>
                <string>PTModelObjectAssetTeleport</string>
                <key>Name</key>
                <dict>
                    <key>value</key>
                    <string>Portal</string>
                </dict>
                <key>Position</key>
                <dict>
                    <key>value</key>
                    <string>{949.677,317.215}</string>
                </dict>
                <key>Scale</key>
                <dict>
                    <key>value</key>
                    <string>{1.040,1.121}</string>
                </dict>
                <key>Hidden</key>
                <dict>
                    <key>visible</key>
                    <string>0</string>
                </dict>
                <key>Locked</key>
                <dict>
                    <key>visible</key>
                    <string>0</string>
                </dict>
                <key>Opacity</key>
                <dict>
                    <key>visible</key>
                    <string>0</string>
                </dict>
                <key>Group ID</key>
                <dict>
                    <key>value</key>
                    <string>1.000000</string>
                </dict>
                <key>zDepth</key>
                <string>503</string>
            </dict>
            <dict>
                <key>id</key>
                <string>3770</string>
                <key>className</key>
                <string>PTModelObjectAssetTeleport</string>
                <key>Name</key>
                <dict>
                    <key>value</key>
                    <string>Portal</string>
                </dict>
                <key>Position</key>
                <dict>
                    <key>value</key>
                    <string>{1065.544,207.700}</string>
                </dict>
                <key>Scale</key>
                <dict>
                    <key>value</key>
                    <string>{0.798,0.798}</string>
                </dict>
                <key>Hidden</key>
                <dict>
                    <key>visible</key>
                    <string>0</string>
                </dict>
                <key>Locked</key>
                <dict>
                    <key>visible</key>
                    <string>0</string>
                </dict>
                <key>Opacity</key>
                <dict>
                    <key>visible</key>
                    <string>0</string>
                </dict>
                <key>Group ID</key>
                <dict>
                    <key>value</key>
                    <string>1.000000</string>
                </dict>
                <key>zDepth</key>
                <string>504</string>
            </dict>
        </array>
    </dict>
</plist>
