<?xml version="1.0" encoding="UTF-8"?>
<!DOCTYPE plist PUBLIC "-//Apple//DTD PLIST 1.0//EN" "http://www.apple.com/DTDs/PropertyList-1.0.dtd"/>

<plist version="1.0">
    <dict>
        <key>ROOT</key>
        <array>
            <dict>
                <key>id</key>
                <string>3004</string>
                <key>className</key>
                <string>PTModelObjectAssetPath</string>
                <key>Name</key>
                <dict>
                    <key>value</key>
                    <string>Path</string>
                </dict>
                <key>Position</key>
                <dict>
                    <key>value</key>
                    <string>{728.442,599.334}</string>
                </dict>
                <key>Scale</key>
                <dict>
                    <key>value</key>
                    <string>{1.000,1.000}</string>
                </dict>
                <key>Hidden</key>
                <dict>
                    <key>visible</key>
                    <string>0</string>
                </dict>
                <key>Locked</key>
                <dict>
                    <key>visible</key>
                    <string>0</string>
                </dict>
                <key>Speed</key>
                <dict>
                    <key>value</key>
                    <string>25.000000</string>
                </dict>
                <key>Play Mode</key>
                <dict>
                    <key>selectedStringValue</key>
                    <string>kPlayModePingPong</string>
                </dict>
                <key>Affected Asset</key>
                <dict>
                    <key>selectedStringValue</key>
                    <string>kAll</string>
                </dict>
                <key>zDepth</key>
                <string>503</string>
                <key>points</key>
                <array>
                    <string>{9.513,-383.248}</string>
                </array>
            </dict>
            <dict>
                <key>id</key>
                <string>3194</string>
                <key>className</key>
                <string>PTModelObjectAssetPath</string>
                <key>Name</key>
                <dict>
                    <key>value</key>
                    <string>Path</string>
                </dict>
                <key>Position</key>
                <dict>
                    <key>value</key>
                    <string>{317.992,579.940}</string>
                </dict>
                <key>Scale</key>
                <dict>
                    <key>value</key>
                    <string>{1.000,1.000}</string>
                </dict>
                <key>Hidden</key>
                <dict>
                    <key>visible</key>
                    <string>0</string>
                </dict>
                <key>Locked</key>
                <dict>
                    <key>visible</key>
                    <string>0</string>
                </dict>
                <key>Play Mode</key>
                <dict>
                    <key>selectedStringValue</key>
                    <string>kPlayModePingPong</string>
                </dict>
                <key>Affected Asset</key>
                <dict>
                    <key>selectedStringValue</key>
                    <string>kAll</string>
                </dict>
                <key>zDepth</key>
                <string>501</string>
                <key>points</key>
                <array>
                    <string>{3.655,-314.337}</string>
                    <string>{163.260,-32.896}</string>
                    <string>{237.581,-238.799}</string>
                    <string>{411.806,-8.529}</string>
                    <string>{475.161,-215.650}</string>
                </array>
            </dict>
            <dict>
                <key>id</key>
                <string>3221</string>
                <key>className</key>
                <string>PTModelObjectAssetPath</string>
                <key>Name</key>
                <dict>
                    <key>value</key>
                    <string>Path 2</string>
                </dict>
                <key>Position</key>
                <dict>
                    <key>value</key>
                    <string>{827.268,581.159}</string>
                </dict>
                <key>Scale</key>
                <dict>
                    <key>value</key>
                    <string>{1.000,1.000}</string>
                </dict>
                <key>Hidden</key>
                <dict>
                    <key>visible</key>
                    <string>0</string>
                </dict>
                <key>Locked</key>
                <dict>
                    <key>visible</key>
                    <string>0</string>
                </dict>
                <key>Play Mode</key>
                <dict>
                    <key>selectedStringValue</key>
                    <string>kPlayModePingPong</string>
                </dict>
                <key>Affected Asset</key>
                <dict>
                    <key>selectedStringValue</key>
                    <string>kAll</string>
                </dict>
                <key>zDepth</key>
                <string>502</string>
                <key>points</key>
                <array>
                    <string>{19.494,-303.372}</string>
                    <string>{181.536,-34.114}</string>
                    <string>{243.672,-204.685}</string>
                    <string>{215.650,-254.638}</string>
                    <string>{249.764,-132.801}</string>
                    <string>{309.464,-52.390}</string>
                    <string>{335.050,-296.062}</string>
                    <string>{338.705,-302.154}</string>
                    <string>{343.578,-313.119}</string>
                </array>
            </dict>
        </array>
    </dict>
</plist>
