<?xml version="1.0" encoding="UTF-8"?>
<!DOCTYPE plist PUBLIC "-//Apple//DTD PLIST 1.0//EN" "http://www.apple.com/DTDs/PropertyList-1.0.dtd"/>

<plist version="1.0">
    <dict>
        <key>ROOT</key>
        <array>
            <dict>
                <key>id</key>
                <string>1382</string>
            </dict>
            <dict>
                <key>id</key>
                <string>1568</string>
                <key>Image</key>
                <dict>
                    <key>value</key>
                    <string>1566</string>
                </dict>
            </dict>
            <dict>
                <key>id</key>
                <string>1574</string>
            </dict>
            <dict>
                <key>id</key>
                <string>1583</string>
                <key>Image</key>
                <dict>
                    <key>value</key>
                    <string>4595</string>
                </dict>
            </dict>
            <dict>
                <key>id</key>
                <string>1587</string>
                <key>Image</key>
                <dict>
                    <key>value</key>
                    <string>1588</string>
                </dict>
            </dict>
            <dict>
                <key>id</key>
                <string>1592</string>
                <key>Image</key>
                <dict>
                    <key>value</key>
                    <string>4619</string>
                </dict>
            </dict>
            <dict>
                <key>id</key>
                <string>1596</string>
                <key>Image</key>
                <dict>
                    <key>value</key>
                    <string>1588</string>
                </dict>
            </dict>
            <dict>
                <key>id</key>
                <string>1599</string>
                <key>Image</key>
                <dict>
                    <key>value</key>
                    <string>4613</string>
                </dict>
            </dict>
            <dict>
                <key>id</key>
                <string>1608</string>
                <key>Image</key>
                <dict>
                    <key>value</key>
                    <string>1606</string>
                </dict>
            </dict>
            <dict>
                <key>id</key>
                <string>1611</string>
                <key>Image</key>
                <dict>
                    <key>value</key>
                    <string>1609</string>
                </dict>
            </dict>
            <dict>
                <key>id</key>
                <string>1621</string>
                <key>Image</key>
                <dict>
                    <key>value</key>
                    <string>1619</string>
                </dict>
            </dict>
            <dict>
                <key>id</key>
                <string>1622</string>
                <key>Image</key>
                <dict>
                    <key>value</key>
                    <string>1609</string>
                </dict>
            </dict>
            <dict>
                <key>id</key>
                <string>1648</string>
            </dict>
        </array>
    </dict>
</plist>
