<?xml version="1.0" encoding="UTF-8"?>
<!DOCTYPE plist PUBLIC "-//Apple//DTD PLIST 1.0//EN" "http://www.apple.com/DTDs/PropertyList-1.0.dtd"/>

<plist version="1.0">
    <dict>
        <key>ROOT</key>
        <array>
            <dict>
                <key>id</key>
                <string>107</string>
                <key>sprites</key>
                <array>
                    <string>1573</string>
                    <string>121</string>
                    <string>1696</string>
                    <string>1698</string>
                    <string>1697</string>
                    <string>1695</string>
                    <string>1703</string>
                    <string>1699</string>
                    <string>1702</string>
                    <string>1700</string>
                    <string>1701</string>
                    <string>442</string>
                    <string>1581</string>
                    <string>342</string>
                    <string>106</string>
                    <string>2439</string>
                    <string>2440</string>
                    <string>1576</string>
                    <string>2772</string>
                    <string>1668</string>
                    <string>1610</string>
                    <string>1607</string>
                    <string>1620</string>
                    <string>1617</string>
                    <string>1604</string>
                    <string>2219</string>
                    <string>1589</string>
                    <string>1567</string>
                    <string>1490</string>
                    <string>1484</string>
                    <string>1502</string>
                    <string>1591</string>
                    <string>2041</string>
                    <string>2022</string>
                    <string>1598</string>
                    <string>151</string>
                    <string>110</string>
                    <string>2002</string>
                    <string>2652</string>
                    <string>1767</string>
                </array>
            </dict>
            <dict>
                <key>id</key>
                <string>1665</string>
                <key>sprites</key>
                <array>
                    <string>1664</string>
                    <string>1716</string>
                    <string>1718</string>
                    <string>1717</string>
                    <string>1704</string>
                    <string>1719</string>
                    <string>1720</string>
                    <string>1721</string>
                    <string>1860</string>
                    <string>1855</string>
                    <string>1854</string>
                    <string>1861</string>
                    <string>2441</string>
                    <string>2442</string>
                    <string>4607</string>
                </array>
            </dict>
            <dict>
                <key>id</key>
                <string>1723</string>
                <key>sprites</key>
                <array>
                    <string>1749</string>
                    <string>1748</string>
                    <string>1747</string>
                    <string>1750</string>
                    <string>1745</string>
                    <string>1746</string>
                    <string>1781</string>
                    <string>1753</string>
                    <string>1744</string>
                    <string>1726</string>
                    <string>1725</string>
                    <string>1724</string>
                    <string>1722</string>
                    <string>1752</string>
                    <string>1782</string>
                    <string>1785</string>
                    <string>1784</string>
                    <string>1783</string>
                    <string>1751</string>
                    <string>1786</string>
                    <string>1787</string>
                    <string>1788</string>
                    <string>3370</string>
                    <string>2787</string>
                    <string>2443</string>
                    <string>2444</string>
                    <string>3528</string>
                    <string>3070</string>
                    <string>2992</string>
                    <string>3587</string>
                    <string>4596</string>
                </array>
            </dict>
            <dict>
                <key>id</key>
                <string>1790</string>
                <key>sprites</key>
                <array>
                    <string>1832</string>
                    <string>1809</string>
                    <string>1837</string>
                    <string>1833</string>
                    <string>1814</string>
                    <string>1810</string>
                    <string>1856</string>
                    <string>1831</string>
                    <string>1828</string>
                    <string>1808</string>
                    <string>1805</string>
                    <string>1836</string>
                    <string>1835</string>
                    <string>1813</string>
                    <string>1812</string>
                    <string>2686</string>
                    <string>1834</string>
                    <string>1830</string>
                    <string>1811</string>
                    <string>1807</string>
                    <string>1791</string>
                    <string>1829</string>
                    <string>1806</string>
                    <string>1789</string>
                </array>
            </dict>
            <dict>
                <key>id</key>
                <string>1858</string>
                <key>sprites</key>
                <array>
                    <string>2668</string>
                    <string>1892</string>
                    <string>1893</string>
                    <string>2669</string>
                    <string>1887</string>
                    <string>1890</string>
                    <string>1889</string>
                    <string>1888</string>
                    <string>1891</string>
                    <string>1886</string>
                    <string>1884</string>
                    <string>2667</string>
                    <string>2664</string>
                    <string>1885</string>
                    <string>2666</string>
                    <string>1857</string>
                    <string>2665</string>
                    <string>1859</string>
                    <string>4614</string>
                    <string>1862</string>
                    <string>1864</string>
                    <string>1863</string>
                    <string>1955</string>
                    <string>4430</string>
                    <string>4425</string>
                    <string>3487</string>
                </array>
            </dict>
            <dict>
                <key>id</key>
                <string>2671</string>
                <key>sprites</key>
                <array>
                    <string>4602</string>
                    <string>2695</string>
                    <string>2674</string>
                    <string>2673</string>
                    <string>2672</string>
                    <string>2670</string>
                    <string>2689</string>
                    <string>2688</string>
                    <string>2687</string>
                    <string>2694</string>
                    <string>2690</string>
                    <string>3652</string>
                    <string>2691</string>
                    <string>2693</string>
                    <string>2692</string>
                    <string>3476</string>
                    <string>4565</string>
                    <string>4620</string>
                    <string>3182</string>
                </array>
            </dict>
            <dict>
                <key>id</key>
                <string>3471</string>
                <key>sprites</key>
                <array>
                    <string>3470</string>
                </array>
            </dict>
        </array>
    </dict>
</plist>
